Workbook

Sheet Verification Notes
A1: BOQ VERIFICATION - PROPOSED KANESHIE BLOCK N REDEVELOPMENT
A2: Drawings used: Structural SHC-KANESHIE-STR-000 to 107 (108 sheets); Architectural SHC-NORTH K-ARCH-101 to 606 (59 sheets).
A4: HOW TO READ THE BOQ SHEETS
A5: Column C = original BOQ quantity (unchanged). Column D "Verified Qty" (green) = quantity measured from the drawings; it links to the Verification Take-off sheet where every calculation is shown.
A6: Column F "Verified Unit": red where the unit has been corrected (e.g. edges of bed m2 -> m; hinges nr -> pairs; provisional sums -> item).
A7: Description text in red "[PER DRAWINGS: ...]" = the drawings describe the item differently; the original description is kept above it.
A8: Rows shaded yellow (item codes N1..N12, A1, D1, W, X) are ADDED items omitted from the BOQ. They sit inside the existing page totals.
A9: Column H "Amount" now = Rate x Verified Qty. Column I gives remarks.
A11: KEY FINDINGS
A12: 1. Superstructure columns: BOQ multiplies concrete, formwork and reinforcement by 5. The base figures already represent all floors - the x5 overstates them five-fold.
A13: 2. Concrete walls (306 m3) understate the shear/lift/emergency core walls (c.667 m3 measured). The formwork formula refers to the column line.
A14: 3. Beams (c.211 m3 concrete, c.111 t steel, c.2,100 m2 formwork), Y20 wall bars (82 t), raft edge formwork, slab edges and stair formwork are not in the BOQ - added.
... A31: e) Wall-tile height in washrooms, roof drainage layout and burglar-proofing extent are not dimensioned.

Sheet Prelims
A1: Item | B1: Description | C1: Qty | D1: Unit | E1: Rate | F1: Amount
B2: BILL NO. 1- PRELIMINARIES AND GENERAL CONDITIONS
B4: NAME: PROPOSED KANESHIE BLOCK N REDEVELOPMENT
B5: CLIENT/ CONSULTANTS: STATE HOUSING PROJECT
B6: CONTRACTOR: FBC PARTNERS GHANA LTD
B7: DRAWING: STRUCTURAL, ARCHITECTURAL, MEP DRAWINGS - KANESHIE BLOCK N REDEVELOPMENT
B9: (The Contractor is free to price for additional items under Preliminaries not included in the List below)
A11: A | B11: Performance Security
A13: B | B13: Offices for use by Contractor
A15: C | B15: Offices for use by the Engineer
A17: D | B17: Watching and Protection of the Works
A19: E | B19: Transport for Workpeople
A21: F | B21: First Aid Equipment
A23: G | B23: Project Signboard
A25: H | B25: Setting Out of the Works
A27: J | B27: Agent or Foreman-in-Charge
A29: K | B29: Plant, tools and Vehicles
A31: L | B31: Branded PPEs
A33: M | B33: Security and protection
... A37: P | B37: Allow for providing all scaffolding, and apparatus
B38: profiles and apparatus generraly required for the
B39: proper execution of the Works. The Contractor
B40: shall provide without extra charge all labour and
B41: equipment or apparatus required by the Engineer
B42: for the testing and measuring the Works and for
B43: weighing, proving or testing the efficiency of any
B44: portion of the Works
A46: Q | B46: Water for the works
B48: BILL NO. 1
B49: GENERAL ITEMS (PRELIMINARIES)
B50: Carried to General Summay

Sheet structural works
A1: Item | B1: Description | C1: Qty | D1: Verified Qty | E1: Unit | F1: Verified Unit | G1: Rate | H1: Amount | I1: Verification remarks
B2: PROPOSED KANESHIE BLOCK N REDEVELOPMENT
B3: SUBSTRUCTURE
B4: D GROUNDWORK (D20 EXCAVATION)
B6: Site Preparation
A8: A | B8: Clear site of all vegetation, grub up their roots and dispose-off | C8: 2369 | D8: ='Verification Take-off'!E6 -> 2299.0095 | E8: m2 | F8: m2 | H8: =G8*D8 -> 0 | I8: Plot + Parking-22 forecourt
A10: B | B10: Excavate oversite to remove vegetable soil average 150mm deep and deposit on site for re-use average 50m from excavation. | C10: 1477 | D10: ='Verification Take-off'!E7 -> 1800 | E10: m2 | F10: m2 | H10: =G10*D10 -> 0 | I10: BOQ 1,477 m2 = raft only; excavation footprint 45 x 40 m
A12: C | B12: Excavate raft foundation to reduce levels maximum depth 4.00m | C12: =C10*4.1 -> 6055.7 | D12: ='Verification Take-off'!E8 -> 7200 | E12: m3 | F12: m3 | H12: =G12*D12 -> 0
A14: D | B14: Fill to make up levels thickness 1300mm with waterproof external membrane with high strength biaxial geogridover geotextile 300mm thick [PER DRAWINGS: fill over raft is c.1.0m thick (raft top -1.000 to underside of hardcore -0.000)] | C14: =C10*1.1 -> 1624.7 | D14: ='Verification Take-off'!E9 -> 1445.3447 | E14: m3 | F14: m3 | H14: =G14*D14 -> 0 | I14: BOQ uses 1.1 x oversite area
A16: E | B16: Fill to make up levels thickness 1300mm with 300mm thick compacted crushed rock layers between layers until formation level and well compacted [PER DRAWINGS: crushed rock/geogrid layers are c.1,700 thick between raft underside (-2.300) and formation (-4.000)] | C16: =C10*1.3 -> 1920.1 | D16: ='Verification Take-off'!E10 -> 3060 | E16: m3 | F16: m3 | H16: =G16*D16 -> 0 | I16: RFI: Section A-A dims show 2,700
B18: Backfill and compact selected material around
A19: F | B19: foundations | C19: 1255 | D19: ='Verification Take-off'!E11 -> 745.2 | E19: m3 | F19: m3 | H19: =G19*D19 -> 0
B21: Load up surplus excavated material
A22: G | B22: and remove from site | C22: =C12-C16-C48-C52-C37-C34 -> 3799.2 | D22: ='Verification Take-off'!E12 -> 6454.8 | E22: m3 | F22: m3 | H22: =G22*D22 -> 0
B24: Hardcore Filling
A25: H | B25: Approved imported granular material
B26: Filling to make up levels: depositing and
B27: compacting in layers 150mm maximum
B28: thickness | C28: =C10*0.15 -> 221.55 | D28: ='Verification Take-off'!E13 -> 221.4 | E28: m3 | F28: m3 | H28: =G28*D28 -> 0
B30: E10 IN SITU CONCRETE
B31: Concreteworks
B32: Plain in-situ concrete(1:4:8-38mmAggre)
B33: as described in:
A34: J | B34: Blinding [PER DRAWINGS: blinding minimum 100mm thick (General Notes item 1.0/3)] | C34: =C10*0.05 -> 73.85 | D34: ='Verification Take-off'!E14 -> 147.6 | E34: m3 | F34: m3 | H34: =G34*D34 -> 0
A37: K | B37: 150mm thick Bed | C37: =0.15*C10 -> 221.55 | D37: ='Verification Take-off'!E15 -> 221.4 | E37: m3 | F37: m3 | H37: =G37*D37 -> 0 | I37: No GF slab detail issued - RFI
B42: TO COLLECTION | H42: =SUM(H2:H35) -> 0
A44: Item | B44: Description | C44: Qty | D44: Verified Qty | E44: Unit | F44: Verified Unit | G44: Rate | H44: Amount | I44: Verification remarks
B45: E10 IN SITU CONCRETE
B46: Vibrated in situ concrete C40
B47: as described in:
A48: A | B48: Concrete walls | C48: 34 | D48: ='Verification Take-off'!E17 -> 22.569625 | E48: m3 | F48: m3 | H48: =G48*D48 -> 0
A50: B | B50: Concrete in raft | C50: =C10*1.3 -> 1920.1 | D50: ='Verification Take-off'!E18 -> 1918.8 | E50: m3 | F50: m3 | H50: =G50*D50 -> 0
A52: C | B52: Concrete in columns | C52: 7 | D52: ='Verification Take-off'!E19 -> 17.281875 | E52: m3 | F52: m3 | H52: =G52*D52 -> 0 | I52: BOQ 7 m3 too low: 35 columns x 1.3m
B54: E30 REINFORCEMENT
B55: High Tensile yield round bar reinforcement (standard)
A56: D | B56: 20mm in raft | C56: 2.467 | D56: ='Verification Take-off'!E20 -> 2.466 | E56: t | F56: t | H56: =G56*D56 -> 0
A58: E | B58: 25mm diameter in raft | C58: 180 | D58: ='Verification Take-off'!E21 -> 184.672 | E58: t | F58: t | H58: =G58*D58 -> 0
A60: F | B60: 10mm diamter for concrete [PER DRAWINGS: Y10 links to columns & walls (raft to GF)] | C60: 2.574 | D60: ='Verification Take-off'!E22 -> 4.029 | E60: t | F60: t | H60: =G60*D60 -> 0
A62: G | B62: 12mm diamter for concrete [PER DRAWINGS: Y12 to walls (raft to GF)] | C62: 1.566 | D62: ='Verification Take-off'!E23 -> 1.253 | E62: t | F62: t | H62: =G62*D62 -> 0
A64: H | B64: 25mm diamter for concrete [PER DRAWINGS: Y25 to columns & walls (raft to GF)] | C64: 1.414 | D64: ='Verification Take-off'!E24 -> 21.306 | E64: t | F64: t | H64: =G64*D64 -> 0
B66: E20 FORMWORK
B67: Concrete Walls | C67: 137 | D67: ='Verification Take-off'!E26 -> 180.557 | E67: m2 | F67: m2 | H67: =G67*D67 -> 0 | I67: Both faces, 1.3m high
A69: J | B69: Edges of bed 150mm wide [PER DRAWINGS: edge 150mm high - measured in linear metres] | C69: 154 | D69: ='Verification Take-off'!E27 -> 154 | E69: m2 | F69: m | H69: =G69*D69 -> 0 | I69: Unit corrected m2 -> m (edge not exceeding 250mm)
A71: N1 | B71: Y20 in columns (raft to GF) | D71: ='Verification Take-off'!E25 -> 0.338 | E71: - | F71: t | H71: =G71*D71 -> 0
A72: N2 | B72: Formwork to edges of raft 1300mm high | D72: ='Verification Take-off'!E28 -> 200.2 | E72: - | F72: m2 | H72: =G72*D72 -> 0
B73: BLOCK WORK
A74: K | B74: 150mm walls to plinth | C74: 202 | D74: ='Verification Take-off'!E30 -> 200.2 | E74: m2 | F74: m2 | H74: =G74*D74 -> 0
A76: N3 | B76: Formwork to sides of columns (raft to GF) | D76: ='Verification Take-off'!E29 -> 136.955 | E76: - | F76: m2 | H76: =G76*D76 -> 0
B79: TO COLLECTION | H79: =SUM(H37:H78) -> 0
B82: COLLECTION
B83: Page 1 | H83: =H42 -> 0
B85: Page 2 | H85: =H79 -> 0
B87: SUBSTRUCTURE TO SUMMARY | H87: =SUM(H83:H86) -> 0
A89: Item | B89: Description | C89: Qty | D89: Verified Qty | E89: Unit | F89: Verified Unit | G89: Rate | H89: Amount | I89: Verification remarks
B90: E10 IN SITU CONCRETE
B91: CONCRTRE WORK
B92: REINFORCED IN-SITU CONCRTE
B93: Vibrated in- situ concreteC40
B94: as described in:
A96: A | B96: Lintel [PER DRAWINGS: lintels 150x225 over all door/window openings] | C96: =5*72 -> 360 | D96: ='Verification Take-off'!E32 -> 56.413125 | E96: m3 | F96: m3 | H96: =G96*D96 -> 0 | I96: BOQ 5 x 72 = 360 m3 is excessive
A98: B | B98: Columns | C98: =5*354 -> 1770 | D98: ='Verification Take-off'!E33 -> 433.45631 | E98: m3 | F98: m3 | H98: =G98*D98 -> 0 | I98: BOQ multiplies by 5 in error; measured all floors
A100: C | B100: Concrete wall | C100: 306 | D100: ='Verification Take-off'!E34 -> 667.38788 | E100: m3 | F100: m3 | H100: =G100*D100 -> 0 | I100: Shear, lift & emergency core walls all floors
A102: D | B102: Stairs | C102: 120 | D102: ='Verification Take-off'!E35 -> 124.52994 | E102: m3 | F102: m3 | H102: =G102*D102 -> 0
A104: E | B104: Suspended slab | C104: 2790 | D104: ='Verification Take-off'!E36 -> 3325.765 | E104: m3 | F104: m3 | H104: =G104*D104 -> 0
A106: F | B106: Coppings | C106: 15 | D106: ='Verification Take-off'!E37 -> 13.716 | E106: m3 | F106: m3 | H106: =G106*D106 -> 0
B108: E30 REINFORCEMENT
B109: High Tensile yield round bar reinforcement (standard)
A110: G | B110: 10mm Diameter in columns | C110: =5*56.331 -> 281.655 | D110: ='Verification Take-off'!E40 -> 48.472 | E110: t | F110: t | H110: =G110*D110 -> 0 | I110: BOQ x5 multiplier is an error - figure already covers all floors
A112: H | B112: 20mm Diameter in columns | C112: =5*59.146 -> 295.73 | D112: ='Verification Take-off'!E41 -> 56.589 | E112: t | F112: t | H112: =G112*D112 -> 0 | I112: BOQ x5 multiplier is an error
A114: J | B114: 25mm Diameter in columns | C114: =5*29.375 -> 146.875 | D114: ='Verification Take-off'!E42 -> 29.946 | E114: t | F114: t | H114: =G114*D114 -> 0 | I114: BOQ x5 multiplier is an error
A116: K | B116: 10mm diameter in stairs [PER DRAWINGS: stairs use 12mm (Y12) and 16mm bars - no 10mm in stair BBS] | C116: 8.548 | D116: ='Verification Take-off'!E43 -> 10.116 | E116: t | F116: t | H116: =G116*D116 -> 0
A118: L | B118: 16mm diameter in stairs | C118: 19.878 | D118: ='Verification Take-off'!E44 -> 16.226 | E118: t | F118: t | H118: =G118*D118 -> 0
A120: M | B120: 10mm diamter for concrete [PER DRAWINGS: 10mm links in shear & lift walls] | C120: =9*2.574 -> 23.166 | D120: ='Verification Take-off'!E45 -> 26.193 | E120: t | F120: t | H120: =G120*D120 -> 0
A122: N | B122: 12mm diamter for concrete [PER DRAWINGS: 12mm horizontal bars in shear, lift & ramp walls] | C122: =9*1.566 -> 14.094 | D122: ='Verification Take-off'!E46 -> 36.327 | E122: t | F122: t | H122: =G122*D122 -> 0
A124: P | B124: 25mm diamter for concrete [PER DRAWINGS: 25mm vertical bars in shear & lift walls] | C124: =9*1.414 -> 12.726 | D124: ='Verification Take-off'!E47 -> 77.017 | E124: t | F124: t | H124: =G124*D124 -> 0
A126: Q | B126: 12mm diameter for suspended slab | C126: 315 | D126: ='Verification Take-off'!E48 -> 586.267 | E126: t | F126: t | H126: =G126*D126 -> 0
A128: R | B128: 16mm diameter for suspended slab | C128: 51 | D128: ='Verification Take-off'!E49 -> 11.42 | E128: t | F128: t | H128: =G128*D128 -> 0
B131: E20 FORMWORK
B132: Formwork as described to:
A134: S | B134: Side and soffits of Lintel / copping | C134: =C96/0.3 -> 1200 | D134: ='Verification Take-off'!E56 -> 1094.34 | E134: m2 | F134: m2 | H134: =G134*D134 -> 0
A136: T | B136: Columns | C136: =5*1558.2 -> 7791 | D136: ='Verification Take-off'!E57 -> 3440.5275 | E136: m2 | F136: m2 | H136: =G136*D136 -> 0 | I136: BOQ x5 multiplier is an error
A138: U | B138: Suspended slab | C138: 12402 | D138: ='Verification Take-off'!E58 -> 13380.1 | E138: m2 | F138: m2 | H138: =G138*D138 -> 0
A140: V | B140: Concrete wall | C140: =C98/0.25 -> 7080 | D140: ='Verification Take-off'!E59 -> 5339.103 | E140: m2 | F140: m2 | H140: =G140*D140 -> 0 | I140: BOQ formula =C98/0.25 refers to column concrete - error
A142: N4 | B142: Vibrated in-situ concrete C40 in beams (downstands) | D142: ='Verification Take-off'!E38 -> 210.697 | E142: - | F142: m3 | H142: =G142*D142 -> 0 | I142: ADDED - omitted from BOQ
A143: N5 | B143: 20mm diameter in shear & lift walls | D143: ='Verification Take-off'!E50 -> 82.152 | E143: - | F143: t | H143: =G143*D143 -> 0 | I143: ADDED - omitted from BOQ
A144: N6 | B144: 10mm diameter in beams (links) | D144: ='Verification Take-off'!E51 -> 19.686 | E144: - | F144: t | H144: =G144*D144 -> 0 | I144: ADDED - omitted from BOQ
A145: N7 | B145: 16mm diameter in beams | D145: ='Verification Take-off'!E52 -> 14.785 | E145: - | F145: t | H145: =G145*D145 -> 0 | I145: ADDED - omitted from BOQ
A146: N8 | B146: 20mm diameter in beams | D146: ='Verification Take-off'!E53 -> 22.563 | E146: - | F146: t | H146: =G146*D146 -> 0 | I146: ADDED - omitted from BOQ
A147: N9 | B147: 25mm diameter in beams | D147: ='Verification Take-off'!E54 -> 54.392 | E147: - | F147: t | H147: =G147*D147 -> 0 | I147: ADDED - omitted from BOQ
A148: N10 | B148: Formwork to sides and soffits of beams | D148: ='Verification Take-off'!E60 -> 2097.75 | E148: - | F148: m2 | H148: =G148*D148 -> 0 | I148: ADDED - omitted from BOQ
A149: N11 | B149: Formwork to edges of suspended slabs 250mm high | D149: ='Verification Take-off'!E61 -> 3734.1 | E149: - | F149: m | H149: =G149*D149 -> 0 | I149: ADDED - omitted from BOQ
A150: N12 | B150: Formwork to soffits of stair flights, landings and risers | D150: ='Verification Take-off'!E62 -> 731.8608 | E150: - | F150: m2 | H150: =G150*D150 -> 0 | I150: ADDED - omitted from BOQ
B152: REINFORCEMENT CONCRETE WORKS TO SUMMARY | H152: =SUM(H91:H151) -> 0
A154: Item | B154: Description | C154: Qty | D154: Verified Qty | E154: Unit | F154: Verified Unit | G154: Rate | H154: Amount | I154: Verification remarks
B156: GENERAL SUMMARY
A159: A | B159: SUBSTRUCTURE | H159: =H87 -> 0
A161: B | B161: SUPERSTRUCTURE | H161: =H152 -> 0
B166: TOTAL | H166: =SUM(H158:H165) -> 0
B195: BLOCKWORK TO SUMMARY

Sheet architectural works
A1: Item | B1: Description | C1: Qty | D1: Verified Qty | E1: Unit | F1: Verified Unit | G1: Rate | H1: Amount | I1: Verification remarks
B2: PROPOSED KANESHIE BLOCK N REDEVELOPMENT
B3: SUPERSTRUCTURE
B5: F10 BRICK/BLOCK WALL
B6: Blockwork
B7: Walls and Partitions
B9: Solid sancrete blockwork in Cement and Sand
B10: (1:4) mortar as described in:
A12: A | B12: 150mm thick wall | C12: 17500 | D12: ='Verification Take-off'!E67 -> 14110.532 | E12: m2 | F12: m2 | H12: =G12*D12 -> 0
A13: A1 | B13: 200mm thick wall | D13: ='Verification Take-off'!E68 -> 1744.1391 | E13: - | F13: m2 | H13: =G13*D13 -> 0 | I13: ADDED - 200/225 walls on plans
B15: Finishing
B16: Walls and Ceilings
B17: 12.5mm Cement and sand (1:3) rendering
B18: as described on blockwork or concrete to
A19: B | B19: Interior walls | C19: 26400 | D19: ='Verification Take-off'!E73 -> 17036.533 | E19: m2 | F19: m2 | H19: =G19*D19 -> 0
A21: C | B21: Interior partitions and washrooms | C21: 950 | D21: ='Verification Take-off'!E74 -> 2964.8897 | E21: m2 | F21: m2 | H21: =G21*D21 -> 0
B23: Cement and Sand(1:3) mortar as described
A24: D | B24: 25mm Screeded finish laid level on concrete and
B25: finished smooth with steel trowel | C25: 17600 | D25: ='Verification Take-off'!E85 -> 7644.2 | E25: m2 | F25: m2 | H25: =G25*D25 -> 0 | I25: BOQ 17,600 m2 appears to be gross slab area; screed measured to tiled floors
A27: D1 | B27: 12.5mm cement & sand (1:3) rendering to external walls | D27: ='Verification Take-off'!E75 -> 7081.575 | E27: - | F27: m2 | H27: =G27*D27 -> 0 | I27: ADDED - no external render item in BOQ
B29: Painting and decorating
B30: Prepare and apply two undercoat and finishing
B31: coat of Emulsion Paint on:
A32: E | B32: Interior walls | C32: 26400 | D32: ='Verification Take-off'!E90 -> 17036.533 | E32: m2 | F32: m2 | H32: =G32*D32 -> 0
A34: F | B34: Interior partitions and washrooms | C34: 950 | D34: ='Verification Take-off'!E91 -> 688.00816 | E34: m2 | F34: m2 | H34: =G34*D34 -> 0
A36: G | B36: Exterior walls | C36: 5200 | D36: ='Verification Take-off'!E92 -> 7081.575 | E36: m2 | F36: m2 | H36: =G36*D36 -> 0
A38: H | B38: Ditto to columns and walls not exceeding 300mm girth [PER DRAWINGS: columns are girth exceeding 300mm - measured in m2 (exposed faces GF & parking levels)] | C38: 700 | D38: ='Verification Take-off'!E93 -> 948.5 | E38: m2 | F38: m2 | H38: =G38*D38 -> 0
A40: J | B40: Ditto soffit of plaster board | C40: 6800 | D40: ='Verification Take-off'!E94 -> 7109 | E40: m2 | F40: m2 | H40: =G40*D40 -> 0
A42: K | B42: Ditto soffit of plaster board for washrooms | C42: 900 | D42: ='Verification Take-off'!E95 -> 493 | E42: m2 | F42: m2 | H42: =G42*D42 -> 0
B46: Prepare and apply one coat of Aluminum Primer on
B47: Joinery before fixing to:
B48: Knot, Prime, Stop and apply two undercoats and
B49: one finishing coat of Gloss Oil Paint on:
A51: L | B51: General surfaces of woodwork | C51: =1078 -> 1078 | D51: ='Verification Take-off'!E96 -> 1517.115 | E51: m2 | F51: m2 | H51: =G51*D51 -> 0
B53: Primer
B54: Mild steel burglar proof bars not exceeding
A55: M | B55: 300mm girth [PER DRAWINGS: measured over area of window openings] | C55: 2102 | D55: ='Verification Take-off'!E97 -> 809.4 | E55: m2 | F55: m2 | H55: =G55*D55 -> 0
B58: BEDS AND BACKINGS
B59: Cement and sand (1:4) as discribed
A60: N | B60: 12mm Screeded backing to receive wall tiles(m/s) | C60: 1846 | D60: ='Verification Take-off'!E87 -> 2276.8816 | E60: m² | F60: m² | H60: =G60*D60 -> 0 | I60: Wall tiling height assumed 2.4m
A62: P | B62: 12mm Screeded bed laid level on concrete floor bed receive floor tiles(m/s) | C62: =9*89 -> 801 | D62: ='Verification Take-off'!E86 -> 8342.48 | E62: m2 | F62: m2 | H62: =G62*D62 -> 0 | I62: BOQ =9*89 (801) far too low
B66: TILES
A68: Q | B68: 400x400mm non-slip porcelain floor tiles, adhesive, grout and cutting [PER DRAWINGS: 400x400 non-slip porcelain to washrooms & WCs (legend ARCH-401..409)] | C68: 3150 | D68: ='Verification Take-off'!E77 -> 493 | E68: m2 | F68: m2 | H68: =G68*D68 -> 0
A70: R | B70: 50x50mm matte R11 porcelain tiles to wet/service areas [PER DRAWINGS: 50x50 matte R11 porcelain to staircases (treads, risers & landings)] | C70: 950 | D70: ='Verification Take-off'!E78 -> 698.28 | E70: m2 | F70: m2 | H70: =G70*D70 -> 0
A72: S | B72: 60x60mm semi-polished porcelain tiles [PER DRAWINGS: 600x600 semi-polished porcelain to habitable rooms, shops & offices (BOQ "60x60mm" should read 600x600mm)] | C72: 3750 | D72: ='Verification Take-off'!E79 -> 4573.9 | E72: m2 | F72: m2 | H72: =G72*D72 -> 0
A74: T | B74: 60x120mm semi-polished porcelain tiles (wall) [PER DRAWINGS: 600x1200 semi-polished porcelain FLOOR tiles to stair/lift lobbies & reception - legend shows floor, not wall] | C74: 850 | D74: ='Verification Take-off'!E80 -> 357.4 | E74: m2 | F74: m2 | H74: =G74*D74 -> 0
A76: U | B76: 60x60mm non-slip R11 porcelain tiles to external/wet areas [PER DRAWINGS: 600x600 non-slip R11 porcelain to corridors, terraces, verandah & service rooms] | C76: 860 | D76: ='Verification Take-off'!E81 -> 2219.9 | E76: m2 | F76: m2 | H76: =G76*D76 -> 0
A78: V | B78: Interlocking composite tiles to designated external/terrace areas [PER DRAWINGS: interlocking composite tiles to roof-top outdoor sitting & 9th floor play area (ARCH-601..606)] | C78: 650 | D78: ='Verification Take-off'!E82 -> 750.5 | E78: m2 | F78: m2 | H78: =G78*D78 -> 0
A80: W | B80: Seamless polyurethane (PU) resin screed / PU coating to parking decks & ramps | D80: ='Verification Take-off'!E83 -> 1814.2 | E80: - | F80: m2 | H80: =G80*D80 -> 0 | I80: ADDED - shown on tiling legend
A81: X | B81: Ceramic/porcelain wall tiles to washrooms, adhesive & grout (type TBC) | D81: ='Verification Take-off'!E88 -> 2276.8816 | E81: - | F81: m2 | H81: =G81*D81 -> 0 | I81: ADDED - wall tiling to washrooms
B83: Doors
B84: 525mm Solid Panel door consisting of 100mm stiles,
B85: top and intermediate rail 225mm | H85: .
A87: A | B87: Ditto 1800mm X 2400mm Glazed entrance door assembly security door [PER DRAWINGS: 2-hour fire-rated double-leaf galvanised steel door (D1) - not glazed entrance door] | C87: 1 | D87: ='Verification Take-off'!E111 -> 1 | E87: nr | F87: nr | H87: =G87*D87 -> 0
A89: B | B89: Ditto 1000mm X 2200mm (D3) [PER DRAWINGS: D2: 1-hour fire-rated galvanised steel single-leaf security door - not D3] | C89: 59 | D89: ='Verification Take-off'!E112 -> 59 | E89: nr | F89: nr | H89: =G89*D89 -> 0
A91: C | B91: 900mm X 2200mm single leaf timber panel door | C91: 126 | D91: ='Verification Take-off'!E113 -> 126 | E91: nr | F91: nr | H91: =G91*D91 -> 0
A93: D | B93: Ditto 900mm X 2350mm flush door with fanlight [PER DRAWINGS: D4 is a single leaf timber PANEL door with fanlight] | C93: 1 | D93: ='Verification Take-off'!E114 -> 1 | E93: nr | F93: nr | H93: =G93*D93 -> 0
A95: E | B95: Ditto 3200mm X 2200mm flush door 4 Panel Galvanized steel framed tempered glass sliding door assembly [PER DRAWINGS: D5: 4-panel galvanised steel framed tempered glass sliding door (not flush)] | C95: 1 | D95: ='Verification Take-off'!E115 -> 1 | E95: nr | F95: nr | H95: =G95*D95 -> 0
A97: F | B97: Ditto 750mm X 2200mm flush door [PER DRAWINGS: D6: single leaf timber flush door] | C97: 172 | D97: ='Verification Take-off'!E116 -> 172 | E97: nr | F97: nr | H97: =G97*D97 -> 0
A99: G | B99: 50mm X 150mm Frames | C99: =9*51 -> 459 | D99: ='Verification Take-off'!E99 -> 1600.5 | E99: m | F99: m | H99: =G99*D99 -> 0 | I99: BOQ =9*51 (459 m) - frames to timber doors measured from schedule
A101: H | B101: 50mm x12mm Door stop | C101: =C99 -> 459 | D101: ='Verification Take-off'!E100 -> 1600.5 | E101: m | F101: m | H101: =G101*D101 -> 0
A103: J | B103: Single door 700 x 2200 security door single leaf [PER DRAWINGS: D7: single-leaf 2-hour fire-rated galvanised steel door] | C103: 12 | D103: ='Verification Take-off'!E117 -> 12 | E103: nr | F103: nr | H103: =G103*D103 -> 0
A105: K | B105: Single door 1200 x 2200 security door single leaf [PER DRAWINGS: D8: 1-hour fire-rated leaf-and-a-half galvanised steel security door] | C105: 21 | D105: ='Verification Take-off'!E118 -> 21 | E105: nr | F105: nr | H105: =G105*D105 -> 0
A107: L | B107: Single door 1000 x 2200 security door one and half [PER DRAWINGS: ED1: 1-hour fire-rated galvanised steel SINGLE-leaf security door (emergency stairs)] | C107: 36 | D107: ='Verification Take-off'!E119 -> 36 | E107: nr | F107: nr | H107: =G107*D107 -> 0
A109: M | B109: Single door 1000 x 2200 security door single leaf translucent glass panel | C109: 20 | D109: ='Verification Take-off'!E120 -> 20 | E109: nr | F109: nr | H109: =G109*D109 -> 0
A111: N | B111: 900mm X 2200 security door galvanised steel | C111: 13 | D111: ='Verification Take-off'!E121 -> 13 | E111: nr | F111: nr | H111: =G111*D111 -> 0
A113: P | B113: 1800mm X 2200mm double leaf galvanized steel [PER DRAWINGS: MD1: double-leaf 2-hour fire-rated galvanised steel refuse room door] | C113: 3 | D113: ='Verification Take-off'!E122 -> 3 | E113: nr | F113: nr | H113: =G113*D113 -> 0
A115: Q | B115: 1500mm X 2200mm Timber Bi-Fold Door | C115: 7 | D115: ='Verification Take-off'!E123 -> 7 | E115: nr | F115: nr | H115: =G115*D115 -> 0
A117: R | B117: 900mm X 2200mm Screw fixed galvanized steel service access panel | C117: 18 | D117: ='Verification Take-off'!E124 -> 18 | E117: nr | F117: nr | H117: =G117*D117 -> 0
A119: S | B119: 750mm X 2200mm Screw fixed galvanized steel service | C119: 36 | D119: ='Verification Take-off'!E125 -> 36 | E119: nr | F119: nr | H119: =G119*D119 -> 0
A121: T | B121: 450mm X 2200mm Screw fixed galvanized steel service | C121: 8 | D121: ='Verification Take-off'!E126 -> 8 | E121: nr | F121: nr | H121: =G121*D121 -> 0
A123: U | B123: 600mm X 2200mm Screw fixed galvanized steel service | C123: 24 | D123: ='Verification Take-off'!E127 -> 24 | E123: nr | F123: nr | H123: =G123*D123 -> 0
A125: V | B125: 1800mm X 2200mm Double leaf Double swing galvanixed steel framed tempered glass Door | C125: 2 | D125: ='Verification Take-off'!E128 -> 2 | E125: nr | F125: nr | H125: =G125*D125 -> 0
A127: W | B127: 2400mm X 2200mm Double leaf Double swing galvanixed steel framed tempered glass Door | C127: 2 | D127: ='Verification Take-off'!E129 -> 2 | E127: nr | F127: nr | H127: =G127*D127 -> 0
A129: X | B129: 5050mm X 2200mm Double leaf Double swing galvanixed steel framed tempered glass Door [PER DRAWINGS: DW2: 1 nr only, with fanlight and fixed side windows] | C129: 2 | D129: ='Verification Take-off'!E130 -> 1 | E129: nr | F129: nr | H129: =G129*D129 -> 0
A131: Y | B131: 3000mm X 2200 3 panel galvanised steel framed tempered glass sliding door | C131: 8 | D131: ='Verification Take-off'!E131 -> 8 | E131: nr | F131: nr | H131: =G131*D131 -> 0
A133: Z | B133: 1600mm X 2200mm 2 panel galvanized steel framed tempered glass sliding door | C133: 28 | D133: ='Verification Take-off'!E132 -> 28 | E133: nr | F133: nr | H133: =G133*D133 -> 0
A135: A | B135: 1300mm X 2200mm 2 panel galvanized steel framed tempered glass sliding door | C135: 16 | D135: ='Verification Take-off'!E133 -> 16 | E135: nr | F135: nr | H135: =G135*D135 -> 0
A137: B | B137: 1800mm X 2200mm 2 panel galvanized steel framed tempered glass sliding door | C137: 30 | D137: ='Verification Take-off'!E134 -> 30 | E137: nr | F137: nr | H137: =G137*D137 -> 0
A139: C | B139: 1200mm X 2200mm 2 panel galvanized steel framed tempered glass sliding door | C139: 7 | D139: ='Verification Take-off'!E135 -> 7 | E139: nr | F139: nr | H139: =G139*D139 -> 0
A142: D | B142: Metal roller shutter door 4200mm X 2157mm | C142: 2 | D142: ='Verification Take-off'!E136 -> 2 | E142: nr | F142: nr | H142: =G142*D142 -> 0
B147: Ironmongery
B148: Supply and fix the following approved Ironmongery
B149: to hardwood with accommpanying pattented screws
A151: A | B151: Pair 100mm Brass butt hinges | C151: =2*335 -> 670 | D151: ='Verification Take-off'!E101 -> 449 | E151: nr | F151: pr | H151: =G151*D151 -> 0 | I151: Unit changed nr -> pairs
A153: B | B153: Ordinary locks | C153: 558 | D153: ='Verification Take-off'!E102 -> 127 | E153: nr | F153: nr | H153: =G153*D153 -> 0 | I153: Steel security/fire doors carry own lock sets
A155: C | B155: Approved high quality mortice indicator lock . | C155: 558 | D155: ='Verification Take-off'!E103 -> 172 | E155: nr | F155: nr | H155: =G155*D155 -> 0
B159: BURGLAR-PROOFING
B161: Allow a Sum of GH₵ …....... for metal collaspble
B162: burglar-proofing to internal windows including painting
A163: D | B163: fixed to ground floor windows | E163: item | F163: item | I163: Provisional sum - measured as item (no quantity)
B172: TO COLLECTION | H172: =SUM(H2:H171) -> 0
A174: Item | B174: Description | C174: Qty | D174: Verified Qty | E174: Unit | F174: Verified Unit | G174: Rate | H174: Amount | I174: Verification remarks
B175: GLAZING
B176: ALUMINIUM GLAZED WINDOW
B177: Supply and installation of Italian Extruded Aluminium Glazed windows
B178: The Windows and Door share be ALCOA R50
B179: series and produced in powder coated aluminium
B180: profile, glazed with 6mm tinted reflective
B181: glass secured onto galvanized steel sub frames
...

Sheet general summary
A1: Item | B1: Description | C1: Qty | D1: Unit | E1: Rate | F1: Amount
B3: GENERAL SUMMARY
A5: A | B5: PRELIMINARIES | F5: =Prelims!F50 -> 0
A7: B | B7: STRUCTURAL | F7: ='structural works'!H166 -> 0 | L7: =SUM(F6:F10)*0.045 -> 0
A9: C | B9: ARCHITECTURAL | F9: ='architectural works'!H287 -> 0
B12: SUB TOTAL | F12: =F9+F7+F5 -> 0
B15: CONTIGENCY (10%) | F15: =0.1*F12 -> 0
B19: TOTAL | F19: =SUM(F12:F18) -> 0

Sheet Verification Take-off
A1: VERIFICATION TAKE-OFF - PROPOSED KANESHIE BLOCK N REDEVELOPMENT
A2: Every verified quantity in the BOQ links to the Result column of this sheet. Calculations are shown as formulas (dimensions in metres unless noted). Blue = dimensions taken from drawings.
A4: Ref | B4: BOQ sheet / item | C4: Description | D4: Calculation (dimensions) | E4: Result | F4: Unit | G4: Source / basis
A5: A. SUBSTRUCTURE - EARTHWORKS (STR-001 raft GA & Section A-A; ARCH-101/102 site & block plan)
A6: S1 | B6: STR A | C6: Site clearance: Block N plot + Parking-22 forecourt | D6: '=40.85*38.27+35.2*20.9 | E6: =40.85*38.27+35.2*20.9 -> 2299.0095 | F6: m2 | G6: ARCH-102 block plan: plot 3945+36900 wide x 38272 deep; Parking-22 5549+28051+1619 x (4900+5000+6000+5000)
A7: S2 | B7: STR B | C7: Strip topsoil 150mm over excavation footprint (raft 41.0 x 36.0 + 2.0m working space each side) | D7: '=(41.0+2*2.0)*(36.0+2*2.0) | E7: =(41.0+2*2.0)*(36.0+2*2.0) -> 1800 | F7: m2 | G7: STR-001 Section A-A: raft width 41,000; width of excavation 45,000 (2,000 allowance each side). Raft depth 36.0 m measured on STR-001 at 1:100
A8: S3 | B8: STR C | C8: Excavate to reduce levels, max depth 4.00m | D8: '=(45.0*40.0)*4.0 | E8: =(45.0*40.0)*4.0 -> 7200 | F8: m3 | G8: STR-001: bottom of excavation -4,000mm
A9: S4 | B9: STR D | C9: Fill to make up levels over raft to underside of hardcore (raft top -1.000 to -0.000) | D9: '=41.0*36.0*1.0-(69.445*0.25*1.0)-(13.294*1.0) | E9: =41.0*36.0*1.0-(69.445*0.25*1.0)-(13.294*1.0) -> 1445.3447 | F9: m3 | G9: Raft top SSL -1.000 (STR-007/017), GF +0.300 less 150 bed & 150 hardcore; core walls (69.445m x 0.25) and columns (13.294 m2 plan) deducted
A10: S5 | B10: STR E | C10: Crushed rock / geogrid layers between raft underside (-2.300) and formation (-4.000), full excavation width | D10: '=(45.0*40.0)*1.7 | E10: =(45.0*40.0)*1.7 -> 3060 | F10: m3 | G10: STR-001 Section A-A layer build-up. NB section dims show 2,700 below raft; levels give 1,700 - RFI
A11: S6 | B11: STR F | C11: Backfill around raft in working space (outside raft, above crushed-rock layer) | D11: '=((45.0*40.0)-(41.0*36.0))*(4.0-1.7) | E11: =((45.0*40.0)-(41.0*36.0))*(4.0-1.7) -> 745.2 | F11: m3 | G11: Working-space area x depth from NGL to top of crushed rock
A12: S7 | B12: STR G | C12: Disposal of surplus excavated material | D12: '=(45.0*40.0)*4.0-((45.0*40.0)-(41.0*36.0))*(4.0-1.7) | E12: =(45.0*40.0)*4.0-((45.0*40.0)-(41.0*36.0))*(4.0-1.7) -> 6454.8 | F12: m3 | G12: Excavation less re-used backfill (fills D/E/H are imported)
A13: S8 | B13: STR H | C13: Hardcore 150mm under GF bed | D13: '=41.0*36.0*0.15 | E13: =41.0*36.0*0.15 -> 221.4 | F13: m3 | G13: GF bed footprint taken as raft footprint
A14: S9 | B14: STR J | C14: Blinding under raft - 100mm min. (General Notes 1.0 item 3) | D14: '=41.0*36.0*0.10 | E14: =41.0*36.0*0.10 -> 147.6 | F14: m3 | G14: STR-000: "minimum 100mm thick blinding" - BOQ describes 50mm
A15: S10 | B15: STR K | C15: 150mm thick bed (GF slab on fill) | D15: '=41.0*36.0*0.15 | E15: =41.0*36.0*0.15 -> 221.4 | F15: m3 | G15: No GF slab detail on structural drawings - RFI
A16: B. SUBSTRUCTURE - CONCRETE, REINFORCEMENT, FORMWORK, BLOCKWORK
A17: S11 | B17: STR A (p2) | C17: Concrete walls from raft top (-1.000) to GF (+0.300): main core shear 22.05m + lift 21.825m + emergency core 25.57m, 250 thk | D17: '=(22.05+21.825+25.57)*0.25*1.3 | E17: =(22.05+21.825+25.57)*0.25*1.3 -> 22.569625 | F17: m3 | G17: Wall lengths from raft GA STR-002 dims; walls 250 thk
A18: S12 | B18: STR B (p2) | C18: Raft 1300 thick | D18: '=41.0*36.0*1.3 | E18: =41.0*36.0*1.3 -> 1918.8 | F18: m3 | G18: Sump/lift-pit transitions (STR-003) not adjusted - same thickness folded
A19: S13 | B19: STR C (p2) | C19: Columns raft to GF: 9 nr type-01 (750x500) + 25 nr type-02 (1200x300) + SWC-01A L-shape | D19: '=(9*0.75*0.5+25*1.2*0.3+(2.85*0.25+(1.075-0.25)*0.25))*1.3 | E19: =(9*0.75*0.5+25*1.2*0.3+(2.85*0.25+(1.075-0.25)*0.25))*1.3 -> 17.281875 | F19: m3 | G19: STR-007..012 sections; counts STR-002
A20: S14 | B20: STR D (p2) | C20: Y20 in raft | D20: '=2.466 | E20: =2.466 -> 2.466 | F20: t | G20: Reinforcement take-off (raft BBS STR-004..006)
A21: S15 | B21: STR E (p2) | C21: Y25 in raft | D21: '=184.672 | E21: =184.672 -> 184.672 | F21: t | G21: Reinforcement take-off (raft BBS)
A22: S16 | B22: STR F (p2) | C22: Y10 links - columns & walls (substructure) | D22: '=3.252+0.26+0.517 | E22: =3.252+0.26+0.517 -> 4.029 | F22: t | G22: Columns + lift walls + shear walls, Foundation-GF storey
A23: S17 | B23: STR G (p2) | C23: Y12 - walls (substructure) | D23: '=0.39+0.863 | E23: =0.39+0.863 -> 1.253 | F23: t | G23: Wall horizontal bars
A24: S18 | B24: STR H (p2) | C24: Y25 - columns & walls (substructure starters) | D24: '=6.531+4.935+9.84 | E24: =6.531+4.935+9.84 -> 21.306 | F24: t | G24: Column & wall vertical starters
A25: S19 | B25: STR NEW | C25: Y20 - columns (substructure, SWC/type-02 starters) | D25: '=0.338 | E25: =0.338 -> 0.338 | F25: t | G25: Not in BOQ
A26: S20 | B26: STR (p2) Walls fwk | C26: Formwork to concrete walls (substructure), both faces | D26: '=2*(22.05+21.825+25.57)*1.3 | E26: =2*(22.05+21.825+25.57)*1.3 -> 180.557 | F26: m2
A27: S21 | B27: STR J (p2) | C27: Edges of GF bed 150mm high (perimeter) | D27: '=2*(41.0+36.0) | E27: =2*(41.0+36.0) -> 154 | F27: m | G27: Edge <=250 high - measured linear (m), not m2
A28: S22 | B28: STR NEW | C28: Formwork to edges of raft 1300 high | D28: '=2*(41.0+36.0)*1.3 | E28: =2*(41.0+36.0)*1.3 -> 200.2 | F28: m2 | G28: Not in BOQ
A29: S23 | B29: STR NEW | C29: Formwork to columns raft to GF | D29: '=(9*2*(0.75+0.5)+25*2*(1.2+0.3)+2*(2.85+1.075))*1.3 | E29: =(9*2*(0.75+0.5)+25*2*(1.2+0.3)+2*(2.85+1.075))*1.3 -> 136.955 | F29: m2 | G29: Not in BOQ
A30: S24 | B30: STR K (p2) | C30: 150mm blockwork to plinth (GF perimeter, -1.000 to +0.300) | D30: '=2*(41.0+36.0)*1.3 | E30: =2*(41.0+36.0)*1.3 -> 200.2 | F30: m2 | G30: Perimeter of raft x plinth height
A31: C. SUPERSTRUCTURE - CONCRETE (C40)
A32: C1 | B32: STR A (sup) | C32: Lintels 150x225 over all door & window openings (opening width + 150 bearing each end) | D32: '=(1*(1.8+0.3)+59*(1+0.3)+126*(0.9+0.3)+1*(0.9+0.3)+1*(3.2+0.3)+172*(0.75+0.3)+12*(0.7+0.3)+21*(1.2+0.3)+36*(1+0.3)+20*(1+0.3)+13*(0.9+0.3)+3*(1.8+0.3)+7*(1.5+0.3)+18*(0.9+0.3)+36*(0.75+0.3)+8*(0.45+0.3)+24*(0.6+0.3)+2*(1.8+0.3)+2*(2.4+0.3)+1*(5.05+0.3)+8*(3+0.3)+28*(1.6+0.3)+16*(1.3+0.3)+30*(1.8+0.3)+7*(1.2+0.3)+2*(4.2+0.3)+1*(3.6+0.3)+44*(1.8+0.3)+1*(1.8+0.3)+77*(0.9+0.3)+1*(1.8+0.3)+1*(3.5+0.3)+12*(1.8+0.3)+22*(1.2+0.3)+61*(1.2+0.3)+8*(1.2+0.3)+47*(1.5+0.3)+27*(1.5+0.3)+6*(2.4+0.3)+3*(3.6+0.3)+8*(3+0.3)+2*(2.4+0.3)+22*(1.8+0.3)+7*(0.75+0.3)+2*(2.1+0.3)+6*(1.45+0.3)+104*(0.9+0.3)+40*(0.75+0.3)+12*(0.6+0.3)+12*(1.2+0.3))*0.15*0.225 | E32: =(1*(1.8+0.3)+59*(1+0.3)+126*(0.9+0.3)+1*(0.9+0.3)+1*(3.2+0.3)+172*(0.75+0.3)+12*(0.7+0.3)+21*(1.2+0.3)+36*(1+0.3)+20*(1+0.3)+13*(0.9+0.3)+3*(1.8+0.3)+7*(1.5+0.3)+18*(0.9+0.3)+36*(0.75+0.3)+8*(0.45+0.3)+24*(0.6+0.3)+2*(1.8+0.3)+2*(2.4+0.3)+1*(5.05+0.3)+8*(3+0.3)+28*(1.6+0.3)+16*(1.3+0.3)+30*(1.8+0.3)+7*(1.2+0.3)+2*(4.2+0.3)+1*(3.6+0.3)+44*(1.8+0.3)+1*(1.8+0.3)+77*(0.9+0.3)+1*(1.8+0.3)+1*(3.5+0.3)+12*(1.8+0.3)+22*(1.2+0.3)+61*(1.2+0.3)+8*(1.2+0.3)+47*(1.5+0.3)+27*(1.5+0.3)+6*(2.4+0.3)+3*(3.6+0.3)+8*(3+0.3)+2*(2.4+0.3)+22*(1.8+0.3)+7*(0.75+0.3)+2*(2.1+0.3)+6*(1.45+0.3)+104*(0.9+0.3)+40*(0.75+0.3)+12*(0.6+0.3)+12*(1.2+0.3))*0.15*0.225 -> 56.413125 | F32: m3 | G32: Door schedule ARCH-501, window schedule ARCH-502
A33: C2 | B33: STR B (sup) | C33: Columns GF to top: nos x section area x sum of clear storey heights (storey - 0.25 slab) | D33: '=5*0.75*0.5*28.15+1*0.75*0.5*34.25+2*0.75*0.5*37.15+1*0.75*0.5*34+3*1.2*0.3*28.15+6*1.2*0.3*34.25+1*1.2*0.3*37.15+15*1.2*0.3*34+1*(2.85*0.25+0.825*0.25)*28.15 | E33: =5*0.75*0.5*28.15+1*0.75*0.5*34.25+2*0.75*0.5*37.15+1*0.75*0.5*34+3*1.2*0.3*28.15+6*1.2*0.3*34.25+1*1.2*0.3*37.15+15*1.2*0.3*34+1*(2.85*0.25+0.825*0.25)*28.15 -> 433.45631 | F33: m3 | G33: Clear heights per column type from elevations STR-007..012: COL-01A 5 nr 28.15m; COL-01B 1 nr 34.25m; COL-01C 2 nr 37.15m; COL-01D 1 nr 34.00m; COL-02A 3 nr 28.15m; COL-02B 6 nr 34.25m; COL-02C 1 nr 37.15m; COL-02D 15 nr 34.00m; SWC-01A 1 nr 28.15m
A34: C3 | B34: STR C (sup) | C34: Concrete walls GF-roof: main stair core 22.05m x 37.15m clear; lift walls 21.825m x 41.20m; emergency core 25.57m x 37.20m; 250 thk | D34: '=(22.05*37.15+21.825*41.2+25.57*37.2)*0.25 | E34: =(22.05*37.15+21.825*41.2+25.57*37.2)*0.25 -> 667.38788 | F34: m3 | G34: Clear heights = sum(storey heights) - 0.25 per slab (STR-014/016/017 elevations)
A35: C4 | B35: STR D (sup) | C35: Stairs: per storey 2 flights (waist 175, 1800 wide, 3.0m going) + 2 landings; scaled to storey height. Main 10 storeys (sum H 37.0m), emergency 12 storeys (sum H 37.3m) | D35: '=2.966*(37.0+37.3)/3.3+2.625*(10+12) | E35: =2.966*(37.0+37.3)/3.3+2.625*(10+12) -> 124.52994 | F35: m3 | G35: STR-018..039 GA: waist 175, treads 300, risers 150-160; per 3.3m storey: flights 2.966 m3, landings 2.625 m3
A36: C5 | B36: STR E (sup) | C36: Suspended slabs 250 thk (areas measured from GA sheets, voids/stair & lift openings excluded) + roof 150 thk (176.3 m2) + lift-core top 150 thk (16.3 m2) | D36: '=(689.1+737.6+650.6+737.5+554.9+1273.9+1134.6*5+1134.4+868.4+868.1)*0.25+(176.3+16.3)*0.15 | E36: =(689.1+737.6+650.6+737.5+554.9+1273.9+1134.6*5+1134.4+868.4+868.1)*0.25+(176.3+16.3)*0.15 -> 3325.765 | F36: m3 | G36: Slab areas measured on STR-040/046/052/058/064/070/076/083/091/097/104/107 (scale calibrated on gridlines 1-12 = 36,500)
A37: C6 | B37: STR F (sup) | C37: Copings 300x150 to parapets: roof terrace perimeter 182.5 + roof 105.0 + lift core 17.3 | D37: '=(182.5+105.0+17.3)*0.3*0.15 | E37: =(182.5+105.0+17.3)*0.3*0.15 -> 13.716 | F37: m3 | G37: Slab outer perimeters measured on GA sheets
A38: C7 | B38: STR NEW | C38: Beams (downstands below 250 slab): 300x600 = (67.8+81.1+63.6+79.9+64.3+97.4+166.8*5+186.5+122.2+125.7) m; 200x600 = (43.5+43.0+33.1+33.1*5+33.1+14.2+14.2) m; roof 250x600 31.4m & 200x450 34.0m below 150 slab | D38: '=(67.8+81.1+63.6+79.9+64.3+97.4+166.8*5+186.5+122.2+125.7)*0.3*0.35+(43.5+43.0+33.1+33.1*5+33.1+14.2+14.2)*0.2*0.35+31.4*0.25*0.45+34.0*0.2*0.3 | E38: =(67.8+81.1+63.6+79.9+64.3+97.4+166.8*5+186.5+122.2+125.7)*0.3*0.35+(43.5+43.0+33.1+33.1*5+33.1+14.2+14.2)*0.2*0.35+31.4*0.25*0.45+34.0*0.2*0.3 -> 210.697 | F38: m3 | G38: Beam lengths measured from dashed beam outlines on GA sheets. NOT IN BOQ
A39: D. SUPERSTRUCTURE - REINFORCEMENT (from Reinforcement Take-off workbook)
A40: R1 | B40: STR G (sup) | C40: Y10 in columns | D40: '=48.472 | E40: =48.472 -> 48.472 | F40: t
A41: R2 | B41: STR H (sup) | C41: Y20 in columns | D41: '=56.589 | E41: =56.589 -> 56.589 | F41: t
A42: R3 | B42: STR J (sup) | C42: Y25 in columns | D42: '=29.946 | E42: =29.946 -> 29.946 | F42: t
A43: R4 | B43: STR K (sup) | C43: Y12 in stairs (BOQ says 10mm - stairs use Y12 & Y16) | D43: '=10.116 | E43: =10.116 -> 10.116 | F43: t | G43: Stair BBS STR-019..039
A44: R5 | B44: STR L (sup) | C44: Y16 in stairs | D44: '=16.226 | E44: =16.226 -> 16.226 | F44: t
A45: R6 | B45: STR M (sup) | C45: Y10 in shear & lift walls (links) | D45: '=17.642+8.551 | E45: =17.642+8.551 -> 26.193 | F45: t
A46: R7 | B46: STR N (sup) | C46: Y12 in shear, lift & ramp walls | D46: '=24.018+11.469+0.84 | E46: =24.018+11.469+0.84 -> 36.327 | F46: t
A47: R8 | B47: STR P (sup) | C47: Y25 in shear & lift walls | D47: '=48.924+28.093 | E47: =48.924+28.093 -> 77.017 | F47: t
A48: R9 | B48: STR Q (sup) | C48: Y12 in suspended slabs (incl. lift core slab) | D48: '=585.901+0.366 | E48: =585.901+0.366 -> 586.267 | F48: t
A49: R10 | B49: STR R (sup) | C49: Y16 in suspended slabs | D49: '=11.42 | E49: =11.42 -> 11.42 | F49: t
A50: R11 | B50: STR NEW | C50: Y20 in shear & lift walls | D50: '=54.981+27.171 | E50: =54.981+27.171 -> 82.152 | F50: t | G50: NOT IN BOQ
A51: R12 | B51: STR NEW | C51: Y10 in beams | D51: '=19.686 | E51: =19.686 -> 19.686 | F51: t | G51: NOT IN BOQ - beam BBS per floor
A52: R13 | B52: STR NEW | C52: Y16 in beams | D52: '=14.785 | E52: =14.785 -> 14.785 | F52: t | G52: NOT IN BOQ - beam BBS per floor
A53: R14 | B53: STR NEW | C53: Y20 in beams | D53: '=22.563 | E53: =22.563 -> 22.563 | F53: t | G53: NOT IN BOQ - beam BBS per floor
A54: R15 | B54: STR NEW | C54: Y25 in beams | D54: '=54.392 | E54: =54.392 -> 54.392 | F54: t | G54: NOT IN BOQ - beam BBS per floor
A55: E. SUPERSTRUCTURE - FORMWORK
A56: F1 | B56: STR S (sup) | C56: Lintels: sides 2x0.225 + soffit 0.15 per m; copings: sides 2x0.15 per m | D56: '=(1*(1.8+0.3)+59*(1+0.3)+126*(0.9+0.3)+1*(0.9+0.3)+1*(3.2+0.3)+172*(0.75+0.3)+12*(0.7+0.3)+21*(1.2+0.3)+36*(1+0.3)+20*(1+0.3)+13*(0.9+0.3)+3*(1.8+0.3)+7*(1.5+0.3)+18*(0.9+0.3)+36*(0.75+0.3)+8*(0.45+0.3)+24*(0.6+0.3)+2*(1.8+0.3)+2*(2.4+0.3)+1*(5.05+0.3)+8*(3+0.3)+28*(1.6+0.3)+16*(1.3+0.3)+30*(1.8+0.3)+7*(1.2+0.3)+2*(4.2+0.3)+1*(3.6+0.3)+44*(1.8+0.3)+1*(1.8+0.3)+77*(0.9+0.3)+1*(1.8+0.3)+1*(3.5+0.3)+12*(1.8+0.3)+22*(1.2+0.3)+61*(1.2+0.3)+8*(1.2+0.3)+47*(1.5+0.3)+27*(1.5+0.3)+6*(2.4+0.3)+3*(3.6+0.3)+8*(3+0.3)+2*(2.4+0.3)+22*(1.8+0.3)+7*(0.75+0.3)+2*(2.1+0.3)+6*(1.45+0.3)+104*(0.9+0.3)+40*(0.75+0.3)+12*(0.6+0.3)+12*(1.2+0.3))*(2*0.225+0.15)+(182.5+105.0+17.3)*2*0.15 | E56: =(1*(1.8+0.3)+59*(1+0.3)+126*(0.9+0.3)+1*(0.9+0.3)+1*(3.2+0.3)+172*(0.75+0.3)+12*(0.7+0.3)+21*(1.2+0.3)+36*(1+0.3)+20*(1+0.3)+13*(0.9+0.3)+3*(1.8+0.3)+7*(1.5+0.3)+18*(0.9+0.3)+36*(0.75+0.3)+8*(0.45+0.3)+24*(0.6+0.3)+2*(1.8+0.3)+2*(2.4+0.3)+1*(5.05+0.3)+8*(3+0.3)+28*(1.6+0.3)+16*(1.3+0.3)+30*(1.8+0.3)+7*(1.2+0.3)+2*(4.2+0.3)+1*(3.6+0.3)+44*(1.8+0.3)+1*(1.8+0.3)+77*(0.9+0.3)+1*(1.8+0.3)+1*(3.5+0.3)+12*(1.8+0.3)+22*(1.2+0.3)+61*(1.2+0.3)+8*(1.2+0.3)+47*(1.5+0.3)+27*(1.5+0.3)+6*(2.4+0.3)+3*(3.6+0.3)+8*(3+0.3)+2*(2.4+0.3)+22*(1.8+0.3)+7*(0.75+0.3)+2*(2.1+0.3)+6*(1.45+0.3)+104*(0.9+0.3)+40*(0.75+0.3)+12*(0.6+0.3)+12*(1.2+0.3))*(2*0.225+0.15)+(182.5+105.0+17.3)*2*0.15 -> 1094.34 | F56: m2
A57: F2 | B57: STR T (sup) | C57: Columns: nos x perimeter x clear height | D57: '=5*2*(0.75+0.5)*28.15+1*2*(0.75+0.5)*34.25+2*2*(0.75+0.5)*37.15+1*2*(0.75+0.5)*34+3*2*(1.2+0.3)*28.15+6*2*(1.2+0.3)*34.25+1*2*(1.2+0.3)*37.15+15*2*(1.2+0.3)*34+1*2*(2.85+1.075)*28.15 | E57: =5*2*(0.75+0.5)*28.15+1*2*(0.75+0.5)*34.25+2*2*(0.75+0.5)*37.15+1*2*(0.75+0.5)*34+3*2*(1.2+0.3)*28.15+6*2*(1.2+0.3)*34.25+1*2*(1.2+0.3)*37.15+15*2*(1.2+0.3)*34+1*2*(2.85+1.075)*28.15 -> 3440.5275 | F57: m2
A58: F3 | B58: STR U (sup) | C58: Soffits of suspended slabs (same areas as concrete) | D58: '=(689.1+737.6+650.6+737.5+554.9+1273.9+1134.6*5+1134.4+868.4+868.1)+(176.3+16.3) | E58: =(689.1+737.6+650.6+737.5+554.9+1273.9+1134.6*5+1134.4+868.4+868.1)+(176.3+16.3) -> 13380.1 | F58: m2
A59: F4 | B59: STR V (sup) | C59: Concrete walls, both faces | D59: '=2*(22.05*37.15+21.825*41.2+25.57*37.2) | E59: =2*(22.05*37.15+21.825*41.2+25.57*37.2) -> 5339.103 | F59: m2 | G59: BOQ formula =C98/0.25 refers to the columns line - error
A60: F5 | B60: STR NEW | C60: Beams: sides of downstand + soffit | D60: '=(67.8+81.1+63.6+79.9+64.3+97.4+166.8*5+186.5+122.2+125.7)*(2*0.35+0.3)+(43.5+43.0+33.1+33.1*5+33.1+14.2+14.2)*(2*0.35+0.2)+31.4*(2*0.45+0.25)+34.0*(2*0.3+0.2) | E60: =(67.8+81.1+63.6+79.9+64.3+97.4+166.8*5+186.5+122.2+125.7)*(2*0.35+0.3)+(43.5+43.0+33.1+33.1*5+33.1+14.2+14.2)*(2*0.35+0.2)+31.4*(2*0.45+0.25)+34.0*(2*0.3+0.2) -> 2097.75 | F60: m2 | G60: NOT IN BOQ
A61: F6 | B61: STR NEW | C61: Edges of suspended slabs 250 high (outer + void edges) | D61: '=238.4+185.9+224.9+186.5+216.4+232.4+294.6*5+294.5+252.6+252.9+159.3+17.3 | E61: =238.4+185.9+224.9+186.5+216.4+232.4+294.6*5+294.5+252.6+252.9+159.3+17.3 -> 3734.1 | F61: m | G61: Perimeters measured on GA sheets. NOT IN BOQ
A62: F7 | B62: STR NEW | C62: Stair soffits & risers (per storey 33.3 m2 x 22 storey-flights) | D62: '=(2*3.424*1.8+15.0+22*0.15*1.8)*22 | E62: =(2*3.424*1.8+15.0+22*0.15*1.8)*22 -> 731.8608 | F62: m2 | G62: NOT IN BOQ
A63: F. ARCHITECTURAL - BLOCKWORK & WALL FINISHES (walls measured on ARCH-103..125 plans at 1:100; openings already excluded from lengths)
A64: A0a | B64: ARCH calc | C64: 150 walls: sum(length x clear height) per floor | D64: '=203.6*3.6+98.4*2.45+144.5*2.45+127.5*2.45+500.0*3.05+443.9*3.05+447.7*3.05+465.9*3.05+449.8*3.05+441.2*3.05+397.2*3.05+354.0*3.05+82.0*2.9+6.5*1.2 | E64: =203.6*3.6+98.4*2.45+144.5*2.45+127.5*2.45+500.0*3.05+443.9*3.05+447.7*3.05+465.9*3.05+449.8*3.05+441.2*3.05+397.2*3.05+354.0*3.05+82.0*2.9+6.5*1.2 -> 12560.125 | F64: m2 | G64: Lengths per floor: GF 204m; 1F 98m; 2F 145m; MEZZ 128m; 3F 500m; 4F 444m; 5F 448m; 6F 466m; 7F 450m; 8F 441m; 9F 397m; 10F 354m; RT 82m; ROOF 7m
A65: A0b | B65: ARCH calc | C65: 200 walls: sum(length x clear height) per floor | D65: '=33.8*3.6+36.6*2.45+16.7*2.45+31.6*2.45+47.2*3.05+55.3*3.05+49.2*3.05+50.0*3.05+50.1*3.05+51.7*3.05+25.6*3.05+31.1*3.05+10.2*2.9+65.7*1.2 | E65: =33.8*3.6+36.6*2.45+16.7*2.45+31.6*2.45+47.2*3.05+55.3*3.05+49.2*3.05+50.0*3.05+50.1*3.05+51.7*3.05+25.6*3.05+31.1*3.05+10.2*2.9+65.7*1.2 -> 1536.715 | F65: m2 | G65: Lengths per floor: GF 34m; 1F 37m; 2F 17m; MEZZ 32m; 3F 47m; 4F 55m; 5F 49m; 6F 50m; 7F 50m; 8F 52m; 9F 26m; 10F 31m; RT 10m; ROOF 66m
A66: A0c | B66: ARCH calc | C66: Add back walling above/below openings (avg clear height 3.05m) | D66: '=1*1.8*(3.05-2.4)+59*1*(3.05-2.2)+126*0.9*(3.05-2.2)+1*0.9*(3.05-2.35)+1*3.2*(3.05-2.2)+172*0.75*(3.05-2.2)+12*0.7*(3.05-2.2)+21*1.2*(3.05-2.2)+36*1*(3.05-2.2)+20*1*(3.05-2.2)+13*0.9*(3.05-2.2)+3*1.8*(3.05-2.2)+7*1.5*(3.05-2.2)+18*0.9*(3.05-2.2)+36*0.75*(3.05-2.2)+8*0.45*(3.05-2.2)+24*0.6*(3.05-2.2)+2*1.8*(3.05-2.2)+2*2.4*(3.05-2.2)+1*5.05*(3.05-2.2)+8*3*(3.05-2.2)+28*1.6*(3.05-2.2)+16*1.3*(3.05-2.2)+30*1.8*(3.05-2.2)+7*1.2*(3.05-2.2)+2*4.2*(3.05-2.157)+1*3.6*(3.05-1.9)+44*1.8*(3.05-1.3)+1*1.8*(3.05-1.5)+77*0.9*(3.05-1.3)+1*1.8*(3.05-1.9)+1*3.5*(3.05-1.5)+12*1.8*(3.05-1.6)+22*1.2*(3.05-1.9)+61*1.2*(3.05-1.15)+8*1.2*(3.05-1.2)+47*1.5*(3.05-1.3)+27*1.5*(3.05-1.15)+6*2.4*(3.05-1.3)+3*3.6*(3.05-2.2)+8*3*(3.05-1.6)+2*2.4*(3.05-1.9)+22*1.8*(3.05-1.9)+7*0.75*(3.05-1.3)+2*2.1*(3.05-0.9)+6*1.45*(3.05-1.9)+104*0.9*(3.05-0.6)+40*0.75*(3.05-0.6)+12*0.6*(3.05-0.6)+12*1.2*(3.05-0.6) | E66: =1*1.8*(3.05-2.4)+59*1*(3.05-2.2)+126*0.9*(3.05-2.2)+1*0.9*(3.05-2.35)+1*3.2*(3.05-2.2)+172*0.75*(3.05-2.2)+12*0.7*(3.05-2.2)+21*1.2*(3.05-2.2)+36*1*(3.05-2.2)+20*1*(3.05-2.2)+13*0.9*(3.05-2.2)+3*1.8*(3.05-2.2)+7*1.5*(3.05-2.2)+18*0.9*(3.05-2.2)+36*0.75*(3.05-2.2)+8*0.45*(3.05-2.2)+24*0.6*(3.05-2.2)+2*1.8*(3.05-2.2)+2*2.4*(3.05-2.2)+1*5.05*(3.05-2.2)+8*3*(3.05-2.2)+28*1.6*(3.05-2.2)+16*1.3*(3.05-2.2)+30*1.8*(3.05-2.2)+7*1.2*(3.05-2.2)+2*4.2*(3.05-2.157)+1*3.6*(3.05-1.9)+44*1.8*(3.05-1.3)+1*1.8*(3.05-1.5)+77*0.9*(3.05-1.3)+1*1.8*(3.05-1.9)+1*3.5*(3.05-1.5)+12*1.8*(3.05-1.6)+22*1.2*(3.05-1.9)+61*1.2*(3.05-1.15)+8*1.2*(3.05-1.2)+47*1.5*(3.05-1.3)+27*1.5*(3.05-1.15)+6*2.4*(3.05-1.3)+3*3.6*(3.05-2.2)+8*3*(3.05-1.6)+2*2.4*(3.05-1.9)+22*1.8*(3.05-1.9)+7*0.75*(3.05-1.3)+2*2.1*(3.05-0.9)+6*1.45*(3.05-1.9)+104*0.9*(3.05-0.6)+40*0.75*(3.05-0.6)+12*0.6*(3.05-0.6)+12*1.2*(3.05-0.6) -> 1757.8312 | F66: m2 | G66: Door & window schedules
A67: A1 | B67: ARCH A | C67: 150mm sandcrete blockwork | D67: '=E64+E66*0.882 | E67: =E64+E66*0.882 -> 14110.532 | F67: m2 | G67: Openings add-back apportioned by length (150 share 0.882)
A68: A1b | B68: ARCH NEW | C68: 200mm sandcrete blockwork | D68: '=E65+E66*0.118 | E68: =E65+E66*0.118 -> 1744.1391 | F68: m2 | G68: Wall band 200-225 thick on plans. NOT IN BOQ
A69: A0d | B69: ARCH calc | C69: Total window area (schedule) | D69: '=1*3.6*1.9+44*1.8*1.3+1*1.8*1.5+77*0.9*1.3+1*1.8*1.9+1*3.5*1.5+12*1.8*1.6+22*1.2*1.9+61*1.2*1.15+8*1.2*1.2+47*1.5*1.3+27*1.5*1.15+6*2.4*1.3+3*3.6*2.2+8*3*1.6+2*2.4*1.9+22*1.8*1.9+7*0.75*1.3+2*2.1*0.9+6*1.45*1.9+104*0.9*0.6+40*0.75*0.6+12*0.6*0.6+12*1.2*0.6 | E69: =1*3.6*1.9+44*1.8*1.3+1*1.8*1.5+77*0.9*1.3+1*1.8*1.9+1*3.5*1.5+12*1.8*1.6+22*1.2*1.9+61*1.2*1.15+8*1.2*1.2+47*1.5*1.3+27*1.5*1.15+6*2.4*1.3+3*3.6*2.2+8*3*1.6+2*2.4*1.9+22*1.8*1.9+7*0.75*1.3+2*2.1*0.9+6*1.45*1.9+104*0.9*0.6+40*0.75*0.6+12*0.6*0.6+12*1.2*0.6 -> 809.4 | F69: m2
A70: A0e | B70: ARCH calc | C70: Total door area (schedule) | D70: '=1*1.8*2.4+59*1*2.2+126*0.9*2.2+1*0.9*2.35+1*3.2*2.2+172*0.75*2.2+12*0.7*2.2+21*1.2*2.2+36*1*2.2+20*1*2.2+13*0.9*2.2+3*1.8*2.2+7*1.5*2.2+18*0.9*2.2+36*0.75*2.2+8*0.45*2.2+24*0.6*2.2+2*1.8*2.2+2*2.4*2.2+1*5.05*2.2+8*3*2.2+28*1.6*2.2+16*1.3*2.2+30*1.8*2.2+7*1.2*2.2+2*4.2*2.157 | E70: =1*1.8*2.4+59*1*2.2+126*0.9*2.2+1*0.9*2.35+1*3.2*2.2+172*0.75*2.2+12*0.7*2.2+21*1.2*2.2+36*1*2.2+20*1*2.2+13*0.9*2.2+3*1.8*2.2+7*1.5*2.2+18*0.9*2.2+36*0.75*2.2+8*0.45*2.2+24*0.6*2.2+2*1.8*2.2+2*2.4*2.2+1*5.05*2.2+8*3*2.2+28*1.6*2.2+16*1.3*2.2+30*1.8*2.2+7*1.2*2.2+2*4.2*2.157 -> 1451.1438 | F70: m2
A71: A0f | B71: ARCH calc | C71: Internal wall faces: (2 x block length + 2 x RC core length - 16.8 lift-shaft faces - external wall length) x clear height, per floor | D71: '=(2*(203.6+33.8)+2*41.6-16.8-142.2)*3.6+(2*(98.4+36.6)+2*25.8-16.8-134.3)*2.45+(2*(144.5+16.7)+2*35.1-16.8-134.0)*2.45+(2*(127.5+31.6)+2*42.8-16.8-191.5)*2.45+(2*(500.0+47.2)+2*49.4-16.8-148.0)*3.05+(2*(443.9+55.3)+2*46.5-16.8-224.2)*3.05+(2*(447.7+49.2)+2*67.8-16.8-224.2)*3.05+(2*(465.9+50.0)+2*64.6-16.8-224.2)*3.05+(2*(449.8+50.1)+2*67.4-16.8-224.2)*3.05+(2*(441.2+51.7)+2*67.3-16.8-224.2)*3.05+(2*(397.2+25.6)+2*51.7-16.8-224.1)*3.05+(2*(354.0+31.1)+2*39.8-16.8-181.8)*3.05+(2*(82.0+10.2)+2*42.3-16.8-182.5)*2.9 | E71: =(2*(203.6+33.8)+2*41.6-16.8-142.2)*3.6+(2*(98.4+36.6)+2*25.8-16.8-134.3)*2.45+(2*(144.5+16.7)+2*35.1-16.8-134.0)*2.45+(2*(127.5+31.6)+2*42.8-16.8-191.5)*2.45+(2*(500.0+47.2)+2*49.4-16.8-148.0)*3.05+(2*(443.9+55.3)+2*46.5-16.8-224.2)*3.05+(2*(447.7+49.2)+2*67.8-16.8-224.2)*3.05+(2*(465.9+50.0)+2*64.6-16.8-224.2)*3.05+(2*(449.8+50.1)+2*67.4-16.8-224.2)*3.05+(2*(441.2+51.7)+2*67.3-16.8-224.2)*3.05+(2*(397.2+25.6)+2*51.7-16.8-224.1)*3.05+(2*(354.0+31.1)+2*39.8-16.8-181.8)*3.05+(2*(82.0+10.2)+2*42.3-16.8-182.5)*2.9 -> 23927.115 | F71: m2 | G71: External wall length = measured slab outer perimeter per floor
A72: A0g | B72: ARCH calc | C72: Washroom wall faces: nr washrooms (wet area/3.8 m2 each) x 8.0m perimeter x clear height | D72: '=18.1/3.8*8.0*3.6+59.2/3.8*8.0*3.05+62.1/3.8*8.0*3.05+56.0/3.8*8.0*3.05+61.4/3.8*8.0*3.05+57.5/3.8*8.0*3.05+60.4/3.8*8.0*3.05+48.7/3.8*8.0*3.05+45.4/3.8*8.0*3.05+24.2/3.8*8.0*2.9 | E72: =18.1/3.8*8.0*3.6+59.2/3.8*8.0*3.05+62.1/3.8*8.0*3.05+56.0/3.8*8.0*3.05+61.4/3.8*8.0*3.05+57.5/3.8*8.0*3.05+60.4/3.8*8.0*3.05+48.7/3.8*8.0*3.05+45.4/3.8*8.0*3.05+24.2/3.8*8.0*2.9 -> 3178.8947 | F72: m2 | G72: Wet areas per floor from tiling layouts: GF 18; 3F 59; 4F 62; 5F 56; 6F 61; 7F 57; 8F 60; 9F 49; 10F 45; RT 24
A73: A2 | B73: ARCH B | C73: Render to interior walls (excl. washrooms) | D73: '=E71-E72-2*E70-E69 | E73: =E71-E72-2*E70-E69 -> 17036.533 | F73: m2 | G73: Internal faces less washroom walls, doors (2 faces) and windows (1 face)
A74: A3 | B74: ARCH C | C74: Render to washroom walls | D74: '=E72-129.7*0.75*2.2 | E74: =E72-129.7*0.75*2.2 -> 2964.8897 | F74: m2 | G74: Less washroom doors 750x2200
A75: A4 | B75: ARCH NEW | C75: External render (12.5mm cement-sand) to external walls | D75: '=142.2*3.85+134.3*2.7+134.0*2.7+191.5*2.7+148.0*3.3+224.2*3.3+224.2*3.3+224.2*3.3+224.2*3.3+224.2*3.3+224.1*3.3+181.8*3.3+182.5*3.15-E69 | E75: =142.2*3.85+134.3*2.7+134.0*2.7+191.5*2.7+148.0*3.3+224.2*3.3+224.2*3.3+224.2*3.3+224.2*3.3+224.2*3.3+224.1*3.3+181.8*3.3+182.5*3.15-E69 -> 7081.575 | F75: m2 | G75: NOT IN BOQ: external wall length x storey height less windows
A76: G. ARCHITECTURAL - FLOOR FINISHES (tile types per legend ARCH-401..409; rooms measured on plans and classified by room label / hatch)
A77: T1 | B77: ARCH Q | C77: 40x40 non-slip porcelain - washrooms/WCs | D77: '=493.0 | E77: =493.0 -> 493 | F77: m2 | G77: Per floor: GF 18.1; 3F 59.2; 4F 62.1; 5F 56.0; 6F 61.4; 7F 57.5; 8F 60.4; 9F 48.7; 10F 45.4; RT 24.2
A78: T2 | B78: ARCH R | C78: 50x50 matte R11 porcelain - staircases (treads, risers, landings): 22 storey-flights x 31.74 m2 | D78: '=(2*1.8*3.0+22*0.15*1.8+2.2*3.75+1.8*3.75)*22 | E78: =(2*1.8*3.0+22*0.15*1.8+2.2*3.75+1.8*3.75)*22 -> 698.28 | F78: m2 | G78: Legend: 50x50 R11 used on stair cores
A79: T3 | B79: ARCH S | C79: 60x60 semi-polished porcelain - habitable rooms, shops, offices | D79: '=4573.9 | E79: =4573.9 -> 4573.9 | F79: m2 | G79: Incl. GF Shop 2 86.2 m2 added manually
A80: T4 | B80: ARCH T | C80: 60x120 semi-polished porcelain - FLOOR to stair/lift lobbies & reception | D80: '=357.4 | E80: =357.4 -> 357.4 | F80: m2 | G80: Legend shows 60x120 as floor tile in lobbies (BOQ says wall)
A81: T5 | B81: ARCH U | C81: 60x60 non-slip R11 - corridors, terraces, verandah, service rooms | D81: '=2219.9 | E81: =2219.9 -> 2219.9 | F81: m2 | G81: RT outdoor sitting (412.1) and Mezz parking (176.8) re-allocated; GF verandah 47.0 added
A82: T6 | B82: ARCH V | C82: Interlocking composite tiles - 9th floor play area & roof-top outdoor sitting | D82: '=750.5 | E82: =750.5 -> 750.5 | F82: m2 | G82: ARCH-601..606 details
A83: T7 | B83: ARCH NEW | C83: Seamless PU resin screed / PU coating to parking decks & ramps | D83: '=1814.2 | E83: =1814.2 -> 1814.2 | F83: m2 | G83: Legend items; NOT IN BOQ
A84: T8 | B84: ARCH calc | C84: Total tiled floor area (excl. stairs, interlocking, PU) | D84: '=493.0+4573.9+357.4+2219.9 | E84: =493.0+4573.9+357.4+2219.9 -> 7644.2 | F84: m2
A85: A5 | B85: ARCH D | C85: 25mm cement-sand screed to tiled floors | D85: '=E84 | E85: =E84 -> 7644.2 | F85: m2 | G85: BOQ 17,600 appears to be gross slab area
A86: A6 | B86: ARCH P | C86: 12mm bed to receive floor tiles (floors + stairs) | D86: '=E84+(2*1.8*3.0+22*0.15*1.8+2.2*3.75+1.8*3.75)*22 | E86: =E84+(2*1.8*3.0+22*0.15*1.8+2.2*3.75+1.8*3.75)*22 -> 8342.48 | F86: m2
A87: A7 | B87: ARCH N | C87: 12mm backing to receive wall tiles - washroom walls to 2.4m high | D87: '=493.0/3.8*8.0*2.4-493.0/3.8*0.75*2.2 | E87: =493.0/3.8*8.0*2.4-493.0/3.8*0.75*2.2 -> 2276.8816 | F87: m2 | G87: Wall tile height assumed 2.4m (not dimensioned on drawings)
A88: A8 | B88: ARCH NEW | C88: Wall tiles to washrooms (type to be confirmed) | D88: '=E87 | E88: =E87 -> 2276.8816 | F88: m2 | G88: NOT IN BOQ as wall item (BOQ T is a floor tile per legend)
A89: H. ARCHITECTURAL - PAINTING & CEILINGS
A90: P1 | B90: ARCH E | C90: Emulsion paint to interior walls (same as render B) | D90: '=E73 | E90: =E73 -> 17036.533 | F90: m2
A91: P2 | B91: ARCH F | C91: Emulsion to washroom walls above 2.4m tiling | D91: '=E74-E87 | E91: =E74-E87 -> 688.00816 | F91: m2
A92: P3 | B92: ARCH G | C92: Emulsion/exterior paint to external walls | D92: '=E75 | E92: =E75 -> 7081.575 | F92: m2
A93: P4 | B93: ARCH H | C93: Paint to exposed faces of columns in GF & parking levels (girth exceeds 300mm) | D93: '=5*2*(0.75+0.5)*9.85+1*2*(0.75+0.5)*9.85+2*2*(0.75+0.5)*9.85+1*2*(0.75+0.5)*9.60+3*2*(1.2+0.3)*9.85+6*2*(1.2+0.3)*9.85+1*2*(1.2+0.3)*9.85+15*2*(1.2+0.3)*9.60 | E93: =5*2*(0.75+0.5)*9.85+1*2*(0.75+0.5)*9.85+2*2*(0.75+0.5)*9.85+1*2*(0.75+0.5)*9.60+3*2*(1.2+0.3)*9.85+6*2*(1.2+0.3)*9.85+1*2*(1.2+0.3)*9.85+15*2*(1.2+0.3)*9.60 -> 948.5 | F93: m2 | G93: Columns GF to 3rd floor; all columns have girth > 300 mm so measured in m2
A94: P5 | B94: ARCH J | C94: Plasterboard ceiling soffits - habitable rooms, corridors, lobbies (excl. parking) | D94: '=4573.9+357.4+2219.9-22.2-20.0 | E94: =4573.9+357.4+2219.9-22.2-20.0 -> 7109 | F94: m2 | G94: Excludes 1st/Mezz parking-level tiled lobbies (est. 42 m2)
A95: P6 | B95: ARCH K | C95: Plasterboard ceiling soffits - washrooms | D95: '=493.0 | E95: =493.0 -> 493 | F95: m2
A96: P7 | B96: ARCH L | C96: Gloss paint to timber doors (D3, D4, D6, FD1 both faces) and frames (girth 0.25m) | D96: '=126*0.9*2.2*2+1*0.9*2.35*2+172*0.75*2.2*2+7*1.5*2.2*2+(126*(2*2.2+0.9)+1*(2*2.35+0.9)+172*(2*2.2+0.75)+7*(2*2.2+1.5))*0.25 | E96: =126*0.9*2.2*2+1*0.9*2.35*2+172*0.75*2.2*2+7*1.5*2.2*2+(126*(2*2.2+0.9)+1*(2*2.35+0.9)+172*(2*2.2+0.75)+7*(2*2.2+1.5))*0.25 -> 1517.115 | F96: m2 | G96: Door schedule ARCH-501
A97: P8 | B97: ARCH M | C97: Primer/paint to burglar-proof bars over window openings | D97: '=E69 | E97: =E69 -> 809.4 | F97: m2 | G97: Measured as area of window openings (all windows) - confirm extent with client (BOQ item D says GF only)
A98: I. DOORS, IRONMONGERY, WINDOWS (schedules ARCH-501/502)
A99: J1 | B99: ARCH G (doors) | C99: 50x150 frames to timber doors (D3,D4,D6,FD1): 2 jambs + head | D99: '=126*(2*2.2+0.9)+1*(2*2.35+0.9)+172*(2*2.2+0.75)+7*(2*2.2+1.5) | E99: =126*(2*2.2+0.9)+1*(2*2.35+0.9)+172*(2*2.2+0.75)+7*(2*2.2+1.5) -> 1600.5 | F99: m
A100: J2 | B100: ARCH H (doors) | C100: 50x12 door stops (same as frames) | D100: '=126*(2*2.2+0.9)+1*(2*2.35+0.9)+172*(2*2.2+0.75)+7*(2*2.2+1.5) | E100: =126*(2*2.2+0.9)+1*(2*2.35+0.9)+172*(2*2.2+0.75)+7*(2*2.2+1.5) -> 1600.5 | F100: m
A101: J3 | B101: ARCH A (ironm.) | C101: Pairs 100mm brass butt hinges: 1.5 pairs per timber leaf (299 leaves) | D101: '=ROUNDUP(1.5*(126+1+172),0) | E101: =ROUNDUP(1.5*(126+1+172),0) -> 449 | F101: pr | G101: Steel doors are supplied as assemblies with hinges
...
