Workbook

Sheet Notes & Assumptions
A1: PROPOSED KANESHIE BLOCK N REDEVELOPMENT - REINFORCEMENT TAKE-OFF
A2: Source: Structural drawings SHC-KANESHIE-STR-000 to STR-107 (108 sheets, Documents.pdf). Take-off prepared floor by floor; all quantities in tonnes.
A4: METHOD OF MEASUREMENT
A5: 1. Every take-off line shows: No. of members x No. of bars per member = Total bars; Total bars x Cut length = Total length; Total length x Unit mass = kg; kg / 1000 = tonnes.
A6: 2. Unit mass of bar (kg/m) = d^2 / 162 (d in mm), calculated by formula in column L of every floor sheet (0.617 kg/m Y10, 0.888 Y12, 1.580 Y16, 2.469 Y20, 3.858 Y25).
A7: 3. Raft, floor slabs, beams, staircases and lift-core slab are taken from the Bar Bending Schedules (BBS) on the drawings (bar mark, diameter, quantity, cut length). Cut lengths already include laps/bends as scheduled.
A8: 4. Floors 4th to 8th are typical (STR-076 to STR-082): the typical schedules are measured once on each of the five floor sheets.
A9: 5. Main staircase typical flight (STR-027, 4th-10th) measured on 4th, 5th, 6th, 7th, 8th and 9th floors (6 storeys). Emergency stair typical flight M1-3rd (STR-033) measured at M1, M2 and Mezzanine; typical 4th-10th (STR-037) on 6 storeys. Staircase BBS quantities are per storey (e.g. 1201: 30 no = 2x15 in plan).
A10: 6. Elements are allocated to the floor they rise FROM: columns, walls and stair flights between level X and the level above are measured under level X. Column/wall starters from the raft to Ground level are measured under Substructure.
A11: 7. Structural levels used (SSL): Raft top -1000, NGL 0, GF +300, M1 +2500, 1st +4150, M2 +5200, 2nd +6850, Mezz +7900, 3rd +10900, 4th +14200 then +3300 per floor to 10th +34000, Roof top terrace +37300, Roof +40450, Top of lift core +44650.
A13: COLUMNS (STR-007 to STR-012)
A14: 8. Number of links and main bars per storey taken from the column elevations (text callouts) x number of columns of each type; cut lengths from the column BBS. Column count confirmed on raft GA STR-002: 01A x5, 01B x1, 01C x2, 01D x1, 02A x3, 02B x6, 02C x1, 02D x15, SWC-01A x1 (35 no.).
... A33: Colour code: blue text = figures transcribed from drawings (inputs); black = formulas.

Sheet Summary
A1: REINFORCEMENT SUMMARY - FLOOR BY FLOOR (TONNES)
A2: Proposed Kaneshie Block N Redevelopment - High yield steel BS4449 grade 500. Values link to the floor sheets (green).
A4: Ref | B4: Floor / level | C4: Raft Foundation | D4: Columns | E4: Shear Walls | F4: Lift Walls | G4: Retaining / Ramp Walls | H4: Beams | I4: Floor Slabs | J4: Staircases | K4: Lift Core Roof Slab | L4: TOTAL (t)
A5: F00 | B5: Raft foundation & starters (Foundation to Ground) | C5: =SUMIF('F00 Substructure'!$B$6:$B$154,"Raft Foundation",'F00 Substructure'!$N$6:$N$154) -> 187.13848 | D5: =SUMIF('F00 Substructure'!$B$6:$B$154,"Columns",'F00 Substructure'!$N$6:$N$154) -> 10.121227 | E5: =SUMIF('F00 Substructure'!$B$6:$B$154,"Shear Walls",'F00 Substructure'!$N$6:$N$154) -> 11.219664 | F5: =SUMIF('F00 Substructure'!$B$6:$B$154,"Lift Walls",'F00 Substructure'!$N$6:$N$154) -> 5.5847052 | G5: =SUMIF('F00 Substructure'!$B$6:$B$154,"Retaining / Ramp Walls",'F00 Substructure'!$N$6:$N$154) -> 0 | H5: =SUMIF('F00 Substructure'!$B$6:$B$154,"Beams",'F00 Substructure'!$N$6:$N$154) -> 0 | I5: =SUMIF('F00 Substructure'!$B$6:$B$154,"Floor Slabs",'F00 Substructure'!$N$6:$N$154) -> 0 | J5: =SUMIF('F00 Substructure'!$B$6:$B$154,"Staircases",'F00 Substructure'!$N$6:$N$154) -> 0 | K5: =SUMIF('F00 Substructure'!$B$6:$B$154,"Lift Core Roof Slab",'F00 Substructure'!$N$6:$N$154) -> 0 | L5: =SUM(C5:K5) -> 214.06407
A6: F01 | B6: Ground floor (+300) - elements rising to next level | C6: =SUMIF('F01 Ground Floor'!$B$6:$B$107,"Raft Foundation",'F01 Ground Floor'!$N$6:$N$107) -> 0 | D6: =SUMIF('F01 Ground Floor'!$B$6:$B$107,"Columns",'F01 Ground Floor'!$N$6:$N$107) -> 15.054202 | E6: =SUMIF('F01 Ground Floor'!$B$6:$B$107,"Shear Walls",'F01 Ground Floor'!$N$6:$N$107) -> 14.507586 | F6: =SUMIF('F01 Ground Floor'!$B$6:$B$107,"Lift Walls",'F01 Ground Floor'!$N$6:$N$107) -> 8.3599768 | G6: =SUMIF('F01 Ground Floor'!$B$6:$B$107,"Retaining / Ramp Walls",'F01 Ground Floor'!$N$6:$N$107) -> 0.83957333 | H6: =SUMIF('F01 Ground Floor'!$B$6:$B$107,"Beams",'F01 Ground Floor'!$N$6:$N$107) -> 0 | I6: =SUMIF('F01 Ground Floor'!$B$6:$B$107,"Floor Slabs",'F01 Ground Floor'!$N$6:$N$107) -> 0 | J6: =SUMIF('F01 Ground Floor'!$B$6:$B$107,"Staircases",'F01 Ground Floor'!$N$6:$N$107) -> 2.0712691 | K6: =SUMIF('F01 Ground Floor'!$B$6:$B$107,"Lift Core Roof Slab",'F01 Ground Floor'!$N$6:$N$107) -> 0 | L6: =SUM(C6:K6) -> 40.832608
A7: F02 | B7: M1 Level 1B Parking (+2500) | C7: =SUMIF('F02 M1 Level'!$B$6:$B$141,"Raft Foundation",'F02 M1 Level'!$N$6:$N$141) -> 0 | D7: =SUMIF('F02 M1 Level'!$B$6:$B$141,"Columns",'F02 M1 Level'!$N$6:$N$141) -> 5.9595617 | E7: =SUMIF('F02 M1 Level'!$B$6:$B$141,"Shear Walls",'F02 M1 Level'!$N$6:$N$141) -> 6.6908321 | F7: =SUMIF('F02 M1 Level'!$B$6:$B$141,"Lift Walls",'F02 M1 Level'!$N$6:$N$141) -> 0 | G7: =SUMIF('F02 M1 Level'!$B$6:$B$141,"Retaining / Ramp Walls",'F02 M1 Level'!$N$6:$N$141) -> 0 | H7: =SUMIF('F02 M1 Level'!$B$6:$B$141,"Beams",'F02 M1 Level'!$N$6:$N$141) -> 4.9530066 | I7: =SUMIF('F02 M1 Level'!$B$6:$B$141,"Floor Slabs",'F02 M1 Level'!$N$6:$N$141) -> 29.315805 | J7: =SUMIF('F02 M1 Level'!$B$6:$B$141,"Staircases",'F02 M1 Level'!$N$6:$N$141) -> 1.1338272 | K7: =SUMIF('F02 M1 Level'!$B$6:$B$141,"Lift Core Roof Slab",'F02 M1 Level'!$N$6:$N$141) -> 0 | L7: =SUM(C7:K7) -> 48.053033
A8: F03 | B8: First Floor Level 2A Parking (+4150) | C8: =SUMIF('F03 First Floor'!$B$6:$B$169,"Raft Foundation",'F03 First Floor'!$N$6:$N$169) -> 0 | D8: =SUMIF('F03 First Floor'!$B$6:$B$169,"Columns",'F03 First Floor'!$N$6:$N$169) -> 7.8130222 | E8: =SUMIF('F03 First Floor'!$B$6:$B$169,"Shear Walls",'F03 First Floor'!$N$6:$N$169) -> 5.7582319 | F8: =SUMIF('F03 First Floor'!$B$6:$B$169,"Lift Walls",'F03 First Floor'!$N$6:$N$169) -> 5.8945788 | G8: =SUMIF('F03 First Floor'!$B$6:$B$169,"Retaining / Ramp Walls",'F03 First Floor'!$N$6:$N$169) -> 0 | H8: =SUMIF('F03 First Floor'!$B$6:$B$169,"Beams",'F03 First Floor'!$N$6:$N$169) -> 5.5100807 | I8: =SUMIF('F03 First Floor'!$B$6:$B$169,"Floor Slabs",'F03 First Floor'!$N$6:$N$169) -> 30.475444 | J8: =SUMIF('F03 First Floor'!$B$6:$B$169,"Staircases",'F03 First Floor'!$N$6:$N$169) -> 1.1798914 | K8: =SUMIF('F03 First Floor'!$B$6:$B$169,"Lift Core Roof Slab",'F03 First Floor'!$N$6:$N$169) -> 0 | L8: =SUM(C8:K8) -> 56.631249
A9: F04 | B9: M2 Level 2B Parking (+5200) | C9: =SUMIF('F04 M2 Level'!$B$6:$B$127,"Raft Foundation",'F04 M2 Level'!$N$6:$N$127) -> 0 | D9: =SUMIF('F04 M2 Level'!$B$6:$B$127,"Columns",'F04 M2 Level'!$N$6:$N$127) -> 5.8728951 | E9: =SUMIF('F04 M2 Level'!$B$6:$B$127,"Shear Walls",'F04 M2 Level'!$N$6:$N$127) -> 6.6908321 | F9: =SUMIF('F04 M2 Level'!$B$6:$B$127,"Lift Walls",'F04 M2 Level'!$N$6:$N$127) -> 0 | G9: =SUMIF('F04 M2 Level'!$B$6:$B$127,"Retaining / Ramp Walls",'F04 M2 Level'!$N$6:$N$127) -> 0 | H9: =SUMIF('F04 M2 Level'!$B$6:$B$127,"Beams",'F04 M2 Level'!$N$6:$N$127) -> 3.530211 | I9: =SUMIF('F04 M2 Level'!$B$6:$B$127,"Floor Slabs",'F04 M2 Level'!$N$6:$N$127) -> 27.517938 | J9: =SUMIF('F04 M2 Level'!$B$6:$B$127,"Staircases",'F04 M2 Level'!$N$6:$N$127) -> 1.1338272 | K9: =SUMIF('F04 M2 Level'!$B$6:$B$127,"Lift Core Roof Slab",'F04 M2 Level'!$N$6:$N$127) -> 0 | L9: =SUM(C9:K9) -> 44.745704
A10: F05 | B10: Second Floor Level 3A Parking (+6850) | C10: =SUMIF('F05 Second Floor'!$B$6:$B$171,"Raft Foundation",'F05 Second Floor'!$N$6:$N$171) -> 0 | D10: =SUMIF('F05 Second Floor'!$B$6:$B$171,"Columns",'F05 Second Floor'!$N$6:$N$171) -> 10.099315 | E10: =SUMIF('F05 Second Floor'!$B$6:$B$171,"Shear Walls",'F05 Second Floor'!$N$6:$N$171) -> 8.0676019 | F10: =SUMIF('F05 Second Floor'!$B$6:$B$171,"Lift Walls",'F05 Second Floor'!$N$6:$N$171) -> 8.2524321 | G10: =SUMIF('F05 Second Floor'!$B$6:$B$171,"Retaining / Ramp Walls",'F05 Second Floor'!$N$6:$N$171) -> 0 | H10: =SUMIF('F05 Second Floor'!$B$6:$B$171,"Beams",'F05 Second Floor'!$N$6:$N$171) -> 4.8648063 | I10: =SUMIF('F05 Second Floor'!$B$6:$B$171,"Floor Slabs",'F05 Second Floor'!$N$6:$N$171) -> 35.155422 | J10: =SUMIF('F05 Second Floor'!$B$6:$B$171,"Staircases",'F05 Second Floor'!$N$6:$N$171) -> 1.1798914 | K10: =SUMIF('F05 Second Floor'!$B$6:$B$171,"Lift Core Roof Slab",'F05 Second Floor'!$N$6:$N$171) -> 0 | L10: =SUM(C10:K10) -> 67.619469
A11: F06 | B11: Mezzanine Floor 3B Parking (+7900) | C11: =SUMIF('F06 Mezzanine Floor'!$B$6:$B$118,"Raft Foundation",'F06 Mezzanine Floor'!$N$6:$N$118) -> 0 | D11: =SUMIF('F06 Mezzanine Floor'!$B$6:$B$118,"Columns",'F06 Mezzanine Floor'!$N$6:$N$118) -> 4.8222469 | E11: =SUMIF('F06 Mezzanine Floor'!$B$6:$B$118,"Shear Walls",'F06 Mezzanine Floor'!$N$6:$N$118) -> 7.2898173 | F11: =SUMIF('F06 Mezzanine Floor'!$B$6:$B$118,"Lift Walls",'F06 Mezzanine Floor'!$N$6:$N$118) -> 0 | G11: =SUMIF('F06 Mezzanine Floor'!$B$6:$B$118,"Retaining / Ramp Walls",'F06 Mezzanine Floor'!$N$6:$N$118) -> 0 | H11: =SUMIF('F06 Mezzanine Floor'!$B$6:$B$118,"Beams",'F06 Mezzanine Floor'!$N$6:$N$118) -> 3.0414878 | I11: =SUMIF('F06 Mezzanine Floor'!$B$6:$B$118,"Floor Slabs",'F06 Mezzanine Floor'!$N$6:$N$118) -> 33.929356 | J11: =SUMIF('F06 Mezzanine Floor'!$B$6:$B$118,"Staircases",'F06 Mezzanine Floor'!$N$6:$N$118) -> 1.1338272 | K11: =SUMIF('F06 Mezzanine Floor'!$B$6:$B$118,"Lift Core Roof Slab",'F06 Mezzanine Floor'!$N$6:$N$118) -> 0 | L11: =SUM(C11:K11) -> 50.216735
A12: F07 | B12: Third Floor (+10900) | C12: =SUMIF('F07 Third Floor'!$B$6:$B$230,"Raft Foundation",'F07 Third Floor'!$N$6:$N$230) -> 0 | D12: =SUMIF('F07 Third Floor'!$B$6:$B$230,"Columns",'F07 Third Floor'!$N$6:$N$230) -> 11.683963 | E12: =SUMIF('F07 Third Floor'!$B$6:$B$230,"Shear Walls",'F07 Third Floor'!$N$6:$N$230) -> 14.673421 | F12: =SUMIF('F07 Third Floor'!$B$6:$B$230,"Lift Walls",'F07 Third Floor'!$N$6:$N$230) -> 6.9425136 | G12: =SUMIF('F07 Third Floor'!$B$6:$B$230,"Retaining / Ramp Walls",'F07 Third Floor'!$N$6:$N$230) -> 0 | H12: =SUMIF('F07 Third Floor'!$B$6:$B$230,"Beams",'F07 Third Floor'!$N$6:$N$230) -> 6.3449904 | I12: =SUMIF('F07 Third Floor'!$B$6:$B$230,"Floor Slabs",'F07 Third Floor'!$N$6:$N$230) -> 56.97337 | J12: =SUMIF('F07 Third Floor'!$B$6:$B$230,"Staircases",'F07 Third Floor'!$N$6:$N$230) -> 2.3137185 | K12: =SUMIF('F07 Third Floor'!$B$6:$B$230,"Lift Core Roof Slab",'F07 Third Floor'!$N$6:$N$230) -> 0 | L12: =SUM(C12:K12) -> 98.931977
A13: F08 | B13: Fourth Floor (+14200) - typical 4th-8th | C13: =SUMIF('F08 Fourth Floor'!$B$6:$B$281,"Raft Foundation",'F08 Fourth Floor'!$N$6:$N$281) -> 0 | D13: =SUMIF('F08 Fourth Floor'!$B$6:$B$281,"Columns",'F08 Fourth Floor'!$N$6:$N$281) -> 11.683963 | E13: =SUMIF('F08 Fourth Floor'!$B$6:$B$281,"Shear Walls",'F08 Fourth Floor'!$N$6:$N$281) -> 10.263575 | F13: =SUMIF('F08 Fourth Floor'!$B$6:$B$281,"Lift Walls",'F08 Fourth Floor'!$N$6:$N$281) -> 6.9425136 | G13: =SUMIF('F08 Fourth Floor'!$B$6:$B$281,"Retaining / Ramp Walls",'F08 Fourth Floor'!$N$6:$N$281) -> 0 | H13: =SUMIF('F08 Fourth Floor'!$B$6:$B$281,"Beams",'F08 Fourth Floor'!$N$6:$N$281) -> 10.695925 | I13: =SUMIF('F08 Fourth Floor'!$B$6:$B$281,"Floor Slabs",'F08 Fourth Floor'!$N$6:$N$281) -> 49.954959 | J13: =SUMIF('F08 Fourth Floor'!$B$6:$B$281,"Staircases",'F08 Fourth Floor'!$N$6:$N$281) -> 2.3137185 | K13: =SUMIF('F08 Fourth Floor'!$B$6:$B$281,"Lift Core Roof Slab",'F08 Fourth Floor'!$N$6:$N$281) -> 0 | L13: =SUM(C13:K13) -> 91.854654
A14: F09 | B14: Fifth Floor (+17500) - typical 4th-8th | C14: =SUMIF('F09 Fifth Floor'!$B$6:$B$281,"Raft Foundation",'F09 Fifth Floor'!$N$6:$N$281) -> 0 | D14: =SUMIF('F09 Fifth Floor'!$B$6:$B$281,"Columns",'F09 Fifth Floor'!$N$6:$N$281) -> 11.683963 | E14: =SUMIF('F09 Fifth Floor'!$B$6:$B$281,"Shear Walls",'F09 Fifth Floor'!$N$6:$N$281) -> 10.263575 | F14: =SUMIF('F09 Fifth Floor'!$B$6:$B$281,"Lift Walls",'F09 Fifth Floor'!$N$6:$N$281) -> 4.8216494 | G14: =SUMIF('F09 Fifth Floor'!$B$6:$B$281,"Retaining / Ramp Walls",'F09 Fifth Floor'!$N$6:$N$281) -> 0 | H14: =SUMIF('F09 Fifth Floor'!$B$6:$B$281,"Beams",'F09 Fifth Floor'!$N$6:$N$281) -> 10.695925 | I14: =SUMIF('F09 Fifth Floor'!$B$6:$B$281,"Floor Slabs",'F09 Fifth Floor'!$N$6:$N$281) -> 49.954959 | J14: =SUMIF('F09 Fifth Floor'!$B$6:$B$281,"Staircases",'F09 Fifth Floor'!$N$6:$N$281) -> 2.3137185 | K14: =SUMIF('F09 Fifth Floor'!$B$6:$B$281,"Lift Core Roof Slab",'F09 Fifth Floor'!$N$6:$N$281) -> 0 | L14: =SUM(C14:K14) -> 89.73379
A15: F10 | B15: Sixth Floor (+20800) - typical 4th-8th | C15: =SUMIF('F10 Sixth Floor'!$B$6:$B$281,"Raft Foundation",'F10 Sixth Floor'!$N$6:$N$281) -> 0 | D15: =SUMIF('F10 Sixth Floor'!$B$6:$B$281,"Columns",'F10 Sixth Floor'!$N$6:$N$281) -> 11.683963 | E15: =SUMIF('F10 Sixth Floor'!$B$6:$B$281,"Shear Walls",'F10 Sixth Floor'!$N$6:$N$281) -> 10.263575 | F15: =SUMIF('F10 Sixth Floor'!$B$6:$B$281,"Lift Walls",'F10 Sixth Floor'!$N$6:$N$281) -> 4.8216494 | G15: =SUMIF('F10 Sixth Floor'!$B$6:$B$281,"Retaining / Ramp Walls",'F10 Sixth Floor'!$N$6:$N$281) -> 0 | H15: =SUMIF('F10 Sixth Floor'!$B$6:$B$281,"Beams",'F10 Sixth Floor'!$N$6:$N$281) -> 10.695925 | I15: =SUMIF('F10 Sixth Floor'!$B$6:$B$281,"Floor Slabs",'F10 Sixth Floor'!$N$6:$N$281) -> 49.954959 | J15: =SUMIF('F10 Sixth Floor'!$B$6:$B$281,"Staircases",'F10 Sixth Floor'!$N$6:$N$281) -> 2.3137185 | K15: =SUMIF('F10 Sixth Floor'!$B$6:$B$281,"Lift Core Roof Slab",'F10 Sixth Floor'!$N$6:$N$281) -> 0 | L15: =SUM(C15:K15) -> 89.73379
A16: F11 | B16: Seventh Floor (+24100) - typical 4th-8th | C16: =SUMIF('F11 Seventh Floor'!$B$6:$B$281,"Raft Foundation",'F11 Seventh Floor'!$N$6:$N$281) -> 0 | D16: =SUMIF('F11 Seventh Floor'!$B$6:$B$281,"Columns",'F11 Seventh Floor'!$N$6:$N$281) -> 11.683963 | E16: =SUMIF('F11 Seventh Floor'!$B$6:$B$281,"Shear Walls",'F11 Seventh Floor'!$N$6:$N$281) -> 10.263575 | F16: =SUMIF('F11 Seventh Floor'!$B$6:$B$281,"Lift Walls",'F11 Seventh Floor'!$N$6:$N$281) -> 4.8216494 | G16: =SUMIF('F11 Seventh Floor'!$B$6:$B$281,"Retaining / Ramp Walls",'F11 Seventh Floor'!$N$6:$N$281) -> 0 | H16: =SUMIF('F11 Seventh Floor'!$B$6:$B$281,"Beams",'F11 Seventh Floor'!$N$6:$N$281) -> 10.695925 | I16: =SUMIF('F11 Seventh Floor'!$B$6:$B$281,"Floor Slabs",'F11 Seventh Floor'!$N$6:$N$281) -> 49.954959 | J16: =SUMIF('F11 Seventh Floor'!$B$6:$B$281,"Staircases",'F11 Seventh Floor'!$N$6:$N$281) -> 2.3137185 | K16: =SUMIF('F11 Seventh Floor'!$B$6:$B$281,"Lift Core Roof Slab",'F11 Seventh Floor'!$N$6:$N$281) -> 0 | L16: =SUM(C16:K16) -> 89.73379
A17: F12 | B17: Eighth Floor (+27400) - typical 4th-8th | C17: =SUMIF('F12 Eighth Floor'!$B$6:$B$281,"Raft Foundation",'F12 Eighth Floor'!$N$6:$N$281) -> 0 | D17: =SUMIF('F12 Eighth Floor'!$B$6:$B$281,"Columns",'F12 Eighth Floor'!$N$6:$N$281) -> 11.431928 | E17: =SUMIF('F12 Eighth Floor'!$B$6:$B$281,"Shear Walls",'F12 Eighth Floor'!$N$6:$N$281) -> 10.263575 | F17: =SUMIF('F12 Eighth Floor'!$B$6:$B$281,"Lift Walls",'F12 Eighth Floor'!$N$6:$N$281) -> 4.8216494 | G17: =SUMIF('F12 Eighth Floor'!$B$6:$B$281,"Retaining / Ramp Walls",'F12 Eighth Floor'!$N$6:$N$281) -> 0 | H17: =SUMIF('F12 Eighth Floor'!$B$6:$B$281,"Beams",'F12 Eighth Floor'!$N$6:$N$281) -> 10.695925 | I17: =SUMIF('F12 Eighth Floor'!$B$6:$B$281,"Floor Slabs",'F12 Eighth Floor'!$N$6:$N$281) -> 49.954959 | J17: =SUMIF('F12 Eighth Floor'!$B$6:$B$281,"Staircases",'F12 Eighth Floor'!$N$6:$N$281) -> 2.3137185 | K17: =SUMIF('F12 Eighth Floor'!$B$6:$B$281,"Lift Core Roof Slab",'F12 Eighth Floor'!$N$6:$N$281) -> 0 | L17: =SUM(C17:K17) -> 89.481756
A18: F13 | B18: Ninth Floor (+30700) | C18: =SUMIF('F13 Ninth Floor'!$B$6:$B$291,"Raft Foundation",'F13 Ninth Floor'!$N$6:$N$291) -> 0 | D18: =SUMIF('F13 Ninth Floor'!$B$6:$B$291,"Columns",'F13 Ninth Floor'!$N$6:$N$291) -> 8.3459037 | E18: =SUMIF('F13 Ninth Floor'!$B$6:$B$291,"Shear Walls",'F13 Ninth Floor'!$N$6:$N$291) -> 10.455291 | F18: =SUMIF('F13 Ninth Floor'!$B$6:$B$291,"Lift Walls",'F13 Ninth Floor'!$N$6:$N$291) -> 4.9082094 | G18: =SUMIF('F13 Ninth Floor'!$B$6:$B$291,"Retaining / Ramp Walls",'F13 Ninth Floor'!$N$6:$N$291) -> 0 | H18: =SUMIF('F13 Ninth Floor'!$B$6:$B$291,"Beams",'F13 Ninth Floor'!$N$6:$N$291) -> 12.147079 | I18: =SUMIF('F13 Ninth Floor'!$B$6:$B$291,"Floor Slabs",'F13 Ninth Floor'!$N$6:$N$291) -> 50.157359 | J18: =SUMIF('F13 Ninth Floor'!$B$6:$B$291,"Staircases",'F13 Ninth Floor'!$N$6:$N$291) -> 2.3137185 | K18: =SUMIF('F13 Ninth Floor'!$B$6:$B$291,"Lift Core Roof Slab",'F13 Ninth Floor'!$N$6:$N$291) -> 0 | L18: =SUM(C18:K18) -> 88.327561
A19: F14 | B19: Tenth Floor (+34000) | C19: =SUMIF('F14 Tenth Floor'!$B$6:$B$253,"Raft Foundation",'F14 Tenth Floor'!$N$6:$N$253) -> 0 | D19: =SUMIF('F14 Tenth Floor'!$B$6:$B$253,"Columns",'F14 Tenth Floor'!$N$6:$N$253) -> 6.5526457 | E19: =SUMIF('F14 Tenth Floor'!$B$6:$B$253,"Shear Walls",'F14 Tenth Floor'!$N$6:$N$253) -> 10.263575 | F19: =SUMIF('F14 Tenth Floor'!$B$6:$B$253,"Lift Walls",'F14 Tenth Floor'!$N$6:$N$253) -> 4.8216494 | G19: =SUMIF('F14 Tenth Floor'!$B$6:$B$253,"Retaining / Ramp Walls",'F14 Tenth Floor'!$N$6:$N$253) -> 0 | H19: =SUMIF('F14 Tenth Floor'!$B$6:$B$253,"Beams",'F14 Tenth Floor'!$N$6:$N$253) -> 7.312361 | I19: =SUMIF('F14 Tenth Floor'!$B$6:$B$253,"Floor Slabs",'F14 Tenth Floor'!$N$6:$N$253) -> 36.423919 | J19: =SUMIF('F14 Tenth Floor'!$B$6:$B$253,"Staircases",'F14 Tenth Floor'!$N$6:$N$253) -> 2.3137185 | K19: =SUMIF('F14 Tenth Floor'!$B$6:$B$253,"Lift Core Roof Slab",'F14 Tenth Floor'!$N$6:$N$253) -> 0 | L19: =SUM(C19:K19) -> 67.687868
A20: F15 | B20: Roof Top Terrace (+37300) | C20: =SUMIF('F15 Roof Top Terrace'!$B$6:$B$216,"Raft Foundation",'F15 Roof Top Terrace'!$N$6:$N$216) -> 0 | D20: =SUMIF('F15 Roof Top Terrace'!$B$6:$B$216,"Columns",'F15 Roof Top Terrace'!$N$6:$N$216) -> 0.63584198 | E20: =SUMIF('F15 Roof Top Terrace'!$B$6:$B$216,"Shear Walls",'F15 Roof Top Terrace'!$N$6:$N$216) -> 9.8495694 | F20: =SUMIF('F15 Roof Top Terrace'!$B$6:$B$216,"Lift Walls",'F15 Roof Top Terrace'!$N$6:$N$216) -> 4.627999 | G20: =SUMIF('F15 Roof Top Terrace'!$B$6:$B$216,"Retaining / Ramp Walls",'F15 Roof Top Terrace'!$N$6:$N$216) -> 0 | H20: =SUMIF('F15 Roof Top Terrace'!$B$6:$B$216,"Beams",'F15 Roof Top Terrace'!$N$6:$N$216) -> 7.254319 | I20: =SUMIF('F15 Roof Top Terrace'!$B$6:$B$216,"Floor Slabs",'F15 Roof Top Terrace'!$N$6:$N$216) -> 43.024607 | J20: =SUMIF('F15 Roof Top Terrace'!$B$6:$B$216,"Staircases",'F15 Roof Top Terrace'!$N$6:$N$216) -> 0 | K20: =SUMIF('F15 Roof Top Terrace'!$B$6:$B$216,"Lift Core Roof Slab",'F15 Roof Top Terrace'!$N$6:$N$216) -> 0 | L20: =SUM(C20:K20) -> 65.392337
A21: F16 | B21: Roof Level (+40450) | C21: =SUMIF('F16 Roof Level'!$B$6:$B$84,"Raft Foundation",'F16 Roof Level'!$N$6:$N$84) -> 0 | D21: =SUMIF('F16 Roof Level'!$B$6:$B$84,"Columns",'F16 Roof Level'!$N$6:$N$84) -> 0 | E21: =SUMIF('F16 Roof Level'!$B$6:$B$84,"Shear Walls",'F16 Roof Level'!$N$6:$N$84) -> 0 | F21: =SUMIF('F16 Roof Level'!$B$6:$B$84,"Lift Walls",'F16 Roof Level'!$N$6:$N$84) -> 5.2477916 | G21: =SUMIF('F16 Roof Level'!$B$6:$B$84,"Retaining / Ramp Walls",'F16 Roof Level'!$N$6:$N$84) -> 0 | H21: =SUMIF('F16 Roof Level'!$B$6:$B$84,"Beams",'F16 Roof Level'!$N$6:$N$84) -> 2.9873941 | I21: =SUMIF('F16 Roof Level'!$B$6:$B$84,"Floor Slabs",'F16 Roof Level'!$N$6:$N$84) -> 4.5732 | J21: =SUMIF('F16 Roof Level'!$B$6:$B$84,"Staircases",'F16 Roof Level'!$N$6:$N$84) -> 0 | K21: =SUMIF('F16 Roof Level'!$B$6:$B$84,"Lift Core Roof Slab",'F16 Roof Level'!$N$6:$N$84) -> 0 | L21: =SUM(C21:K21) -> 12.808386
A22: F17 | B22: Top of Lift Core (+44650) | C22: =SUMIF('F17 Top of Lift Core'!$B$6:$B$9,"Raft Foundation",'F17 Top of Lift Core'!$N$6:$N$9) -> 0 | D22: =SUMIF('F17 Top of Lift Core'!$B$6:$B$9,"Columns",'F17 Top of Lift Core'!$N$6:$N$9) -> 0 | E22: =SUMIF('F17 Top of Lift Core'!$B$6:$B$9,"Shear Walls",'F17 Top of Lift Core'!$N$6:$N$9) -> 0 | F22: =SUMIF('F17 Top of Lift Core'!$B$6:$B$9,"Lift Walls",'F17 Top of Lift Core'!$N$6:$N$9) -> 0 | G22: =SUMIF('F17 Top of Lift Core'!$B$6:$B$9,"Retaining / Ramp Walls",'F17 Top of Lift Core'!$N$6:$N$9) -> 0 | H22: =SUMIF('F17 Top of Lift Core'!$B$6:$B$9,"Beams",'F17 Top of Lift Core'!$N$6:$N$9) -> 0 | I22: =SUMIF('F17 Top of Lift Core'!$B$6:$B$9,"Floor Slabs",'F17 Top of Lift Core'!$N$6:$N$9) -> 0 | J22: =SUMIF('F17 Top of Lift Core'!$B$6:$B$9,"Staircases",'F17 Top of Lift Core'!$N$6:$N$9) -> 0 | K22: =SUMIF('F17 Top of Lift Core'!$B$6:$B$9,"Lift Core Roof Slab",'F17 Top of Lift Core'!$N$6:$N$9) -> 0.36591111 | L22: =SUM(C22:K22) -> 0.36591111
B23: GRAND TOTAL | C23: =SUM(C5:C22) -> 187.13848 | D23: =SUM(D5:D22) -> 145.1286 | E23: =SUM(E5:E22) -> 156.7843 | F23: =SUM(F5:F22) -> 80.868967 | G23: =SUM(G5:G22) -> 0.83957333 | H23: =SUM(H5:H22) -> 111.42536 | I23: =SUM(I5:I22) -> 597.32122 | J23: =SUM(J5:J22) -> 26.342281 | ... L23: =SUM(L5:L22) -> 1306.2147
A26: SUMMARY BY BAR DIAMETER (TONNES)
A27: Ref | B27: Floor / level | C27: Y10 | D27: Y12 | E27: Y16 | F27: Y20 | G27: Y25 | H27: TOTAL (t)
A28: F00 | B28: Raft foundation & starters (Foundation to Ground) | C28: =SUMIF('F00 Substructure'!$F$6:$F$154,10,'F00 Substructure'!$N$6:$N$154) -> 4.0288654 | D28: =SUMIF('F00 Substructure'!$F$6:$F$154,12,'F00 Substructure'!$N$6:$N$154) -> 1.25224 | E28: =SUMIF('F00 Substructure'!$F$6:$F$154,16,'F00 Substructure'!$N$6:$N$154) -> 0 | F28: =SUMIF('F00 Substructure'!$F$6:$F$154,20,'F00 Substructure'!$N$6:$N$154) -> 2.8040741 | G28: =SUMIF('F00 Substructure'!$F$6:$F$154,25,'F00 Substructure'!$N$6:$N$154) -> 205.97889 | H28: =SUM(C28:G28) -> 214.06407
A29: F01 | B29: Ground floor (+300) - elements rising to next level | C29: =SUMIF('F01 Ground Floor'!$F$6:$F$107,10,'F01 Ground Floor'!$N$6:$N$107) -> 6.4979062 | D29: =SUMIF('F01 Ground Floor'!$F$6:$F$107,12,'F01 Ground Floor'!$N$6:$N$107) -> 5.4585244 | E29: =SUMIF('F01 Ground Floor'!$F$6:$F$107,16,'F01 Ground Floor'!$N$6:$N$107) -> 1.1916247 | F29: =SUMIF('F01 Ground Floor'!$F$6:$F$107,20,'F01 Ground Floor'!$N$6:$N$107) -> 0.59851852 | G29: =SUMIF('F01 Ground Floor'!$F$6:$F$107,25,'F01 Ground Floor'!$N$6:$N$107) -> 27.086034 | H29: =SUM(C29:G29) -> 40.832608
A30: F02 | B30: M1 Level 1B Parking (+2500) | C30: =SUMIF('F02 M1 Level'!$F$6:$F$141,10,'F02 M1 Level'!$N$6:$N$141) -> 3.4423086 | D30: =SUMIF('F02 M1 Level'!$F$6:$F$141,12,'F02 M1 Level'!$N$6:$N$141) -> 26.848644 | E30: =SUMIF('F02 M1 Level'!$F$6:$F$141,16,'F02 M1 Level'!$N$6:$N$141) -> 5.011358 | F30: =SUMIF('F02 M1 Level'!$F$6:$F$141,20,'F02 M1 Level'!$N$6:$N$141) -> 0.8137037 | G30: =SUMIF('F02 M1 Level'!$F$6:$F$141,25,'F02 M1 Level'!$N$6:$N$141) -> 11.937018 | H30: =SUM(C30:G30) -> 48.053033
A31: F03 | B31: First Floor Level 2A Parking (+4150) | C31: =SUMIF('F03 First Floor'!$F$6:$F$169,10,'F03 First Floor'!$N$6:$N$169) -> 4.733763 | D31: =SUMIF('F03 First Floor'!$F$6:$F$169,12,'F03 First Floor'!$N$6:$N$169) -> 29.778627 | E31: =SUMIF('F03 First Floor'!$F$6:$F$169,16,'F03 First Floor'!$N$6:$N$169) -> 4.0308543 | F31: =SUMIF('F03 First Floor'!$F$6:$F$169,20,'F03 First Floor'!$N$6:$N$169) -> 1.2590123 | G31: =SUMIF('F03 First Floor'!$F$6:$F$169,25,'F03 First Floor'!$N$6:$N$169) -> 16.828993 | H31: =SUM(C31:G31) -> 56.631249
A32: F04 | B32: M2 Level 2B Parking (+5200) | C32: =SUMIF('F04 M2 Level'!$F$6:$F$127,10,'F04 M2 Level'!$N$6:$N$127) -> 2.960642 | D32: =SUMIF('F04 M2 Level'!$F$6:$F$127,12,'F04 M2 Level'!$N$6:$N$127) -> 25.050778 | E32: =SUMIF('F04 M2 Level'!$F$6:$F$127,16,'F04 M2 Level'!$N$6:$N$127) -> 4.8953679 | F32: =SUMIF('F04 M2 Level'!$F$6:$F$127,20,'F04 M2 Level'!$N$6:$N$127) -> 0.9562963 | G32: =SUMIF('F04 M2 Level'!$F$6:$F$127,25,'F04 M2 Level'!$N$6:$N$127) -> 10.88262 | H32: =SUM(C32:G32) -> 44.745704
A33: F05 | B33: Second Floor Level 3A Parking (+6850) | C33: =SUMIF('F05 Second Floor'!$F$6:$F$171,10,'F05 Second Floor'!$N$6:$N$171) -> 5.7003333 | D33: =SUMIF('F05 Second Floor'!$F$6:$F$171,12,'F05 Second Floor'!$N$6:$N$171) -> 37.7408 | E33: =SUMIF('F05 Second Floor'!$F$6:$F$171,16,'F05 Second Floor'!$N$6:$N$171) -> 1.5080691 | F33: =SUMIF('F05 Second Floor'!$F$6:$F$171,20,'F05 Second Floor'!$N$6:$N$171) -> 1.4190123 | G33: =SUMIF('F05 Second Floor'!$F$6:$F$171,25,'F05 Second Floor'!$N$6:$N$171) -> 21.251254 | H33: =SUM(C33:G33) -> 67.619469
A34: F06 | B34: Mezzanine Floor 3B Parking (+7900) | C34: =SUMIF('F06 Mezzanine Floor'!$F$6:$F$118,10,'F06 Mezzanine Floor'!$N$6:$N$118) -> 2.9689136 | D34: =SUMIF('F06 Mezzanine Floor'!$F$6:$F$118,12,'F06 Mezzanine Floor'!$N$6:$N$118) -> 35.308378 | E34: =SUMIF('F06 Mezzanine Floor'!$F$6:$F$118,16,'F06 Mezzanine Floor'!$N$6:$N$118) -> 1.1003654 | F34: =SUMIF('F06 Mezzanine Floor'!$F$6:$F$118,20,'F06 Mezzanine Floor'!$N$6:$N$118) -> 4.3366667 | G34: =SUMIF('F06 Mezzanine Floor'!$F$6:$F$118,25,'F06 Mezzanine Floor'!$N$6:$N$118) -> 6.5024113 | H34: =SUM(C34:G34) -> 50.216735
A35: F07 | B35: Third Floor (+10900) | C35: =SUMIF('F07 Third Floor'!$F$6:$F$230,10,'F07 Third Floor'!$N$6:$N$230) -> 7.7926667 | D35: =SUMIF('F07 Third Floor'!$F$6:$F$230,12,'F07 Third Floor'!$N$6:$N$230) -> 60.490111 | E35: =SUMIF('F07 Third Floor'!$F$6:$F$230,16,'F07 Third Floor'!$N$6:$N$230) -> 2.5831111 | F35: =SUMIF('F07 Third Floor'!$F$6:$F$230,20,'F07 Third Floor'!$N$6:$N$230) -> 9.2950617 | G35: =SUMIF('F07 Third Floor'!$F$6:$F$230,25,'F07 Third Floor'!$N$6:$N$230) -> 18.771026 | H35: =SUM(C35:G35) -> 98.931977
A36: F08 | B36: Fourth Floor (+14200) - typical 4th-8th | C36: =SUMIF('F08 Fourth Floor'!$F$6:$F$281,10,'F08 Fourth Floor'!$N$6:$N$281) -> 8.434642 | D36: =SUMIF('F08 Fourth Floor'!$F$6:$F$281,12,'F08 Fourth Floor'!$N$6:$N$281) -> 53.466841 | E36: =SUMIF('F08 Fourth Floor'!$F$6:$F$281,16,'F08 Fourth Floor'!$N$6:$N$281) -> 2.8322765 | F36: =SUMIF('F08 Fourth Floor'!$F$6:$F$281,20,'F08 Fourth Floor'!$N$6:$N$281) -> 16.172593 | G36: =SUMIF('F08 Fourth Floor'!$F$6:$F$281,25,'F08 Fourth Floor'!$N$6:$N$281) -> 10.948302 | H36: =SUM(C36:G36) -> 91.854654
A37: F09 | B37: Fifth Floor (+17500) - typical 4th-8th | C37: =SUMIF('F09 Fifth Floor'!$F$6:$F$281,10,'F09 Fifth Floor'!$N$6:$N$281) -> 8.434642 | D37: =SUMIF('F09 Fifth Floor'!$F$6:$F$281,12,'F09 Fifth Floor'!$N$6:$N$281) -> 53.466841 | E37: =SUMIF('F09 Fifth Floor'!$F$6:$F$281,16,'F09 Fifth Floor'!$N$6:$N$281) -> 2.8322765 | F37: =SUMIF('F09 Fifth Floor'!$F$6:$F$281,20,'F09 Fifth Floor'!$N$6:$N$281) -> 19.493086 | G37: =SUMIF('F09 Fifth Floor'!$F$6:$F$281,25,'F09 Fifth Floor'!$N$6:$N$281) -> 5.5069444 | H37: =SUM(C37:G37) -> 89.73379
A38: F10 | B38: Sixth Floor (+20800) - typical 4th-8th | C38: =SUMIF('F10 Sixth Floor'!$F$6:$F$281,10,'F10 Sixth Floor'!$N$6:$N$281) -> 8.434642 | D38: =SUMIF('F10 Sixth Floor'!$F$6:$F$281,12,'F10 Sixth Floor'!$N$6:$N$281) -> 53.466841 | E38: =SUMIF('F10 Sixth Floor'!$F$6:$F$281,16,'F10 Sixth Floor'!$N$6:$N$281) -> 2.8322765 | F38: =SUMIF('F10 Sixth Floor'!$F$6:$F$281,20,'F10 Sixth Floor'!$N$6:$N$281) -> 19.493086 | G38: =SUMIF('F10 Sixth Floor'!$F$6:$F$281,25,'F10 Sixth Floor'!$N$6:$N$281) -> 5.5069444 | H38: =SUM(C38:G38) -> 89.73379
A39: F11 | B39: Seventh Floor (+24100) - typical 4th-8th | C39: =SUMIF('F11 Seventh Floor'!$F$6:$F$281,10,'F11 Seventh Floor'!$N$6:$N$281) -> 8.434642 | D39: =SUMIF('F11 Seventh Floor'!$F$6:$F$281,12,'F11 Seventh Floor'!$N$6:$N$281) -> 53.466841 | E39: =SUMIF('F11 Seventh Floor'!$F$6:$F$281,16,'F11 Seventh Floor'!$N$6:$N$281) -> 2.8322765 | F39: =SUMIF('F11 Seventh Floor'!$F$6:$F$281,20,'F11 Seventh Floor'!$N$6:$N$281) -> 19.493086 | G39: =SUMIF('F11 Seventh Floor'!$F$6:$F$281,25,'F11 Seventh Floor'!$N$6:$N$281) -> 5.5069444 | H39: =SUM(C39:G39) -> 89.73379
A40: F12 | B40: Eighth Floor (+27400) - typical 4th-8th | C40: =SUMIF('F12 Eighth Floor'!$F$6:$F$281,10,'F12 Eighth Floor'!$N$6:$N$281) -> 8.3931506 | D40: =SUMIF('F12 Eighth Floor'!$F$6:$F$281,12,'F12 Eighth Floor'!$N$6:$N$281) -> 53.466841 | E40: =SUMIF('F12 Eighth Floor'!$F$6:$F$281,16,'F12 Eighth Floor'!$N$6:$N$281) -> 2.8322765 | F40: =SUMIF('F12 Eighth Floor'!$F$6:$F$281,20,'F12 Eighth Floor'!$N$6:$N$281) -> 18.658469 | G40: =SUMIF('F12 Eighth Floor'!$F$6:$F$281,25,'F12 Eighth Floor'!$N$6:$N$281) -> 6.1310185 | H40: =SUM(C40:G40) -> 89.481756
A41: F13 | B41: Ninth Floor (+30700) | C41: =SUMIF('F13 Ninth Floor'!$F$6:$F$291,10,'F13 Ninth Floor'!$N$6:$N$291) -> 7.3442988 | D41: =SUMIF('F13 Ninth Floor'!$F$6:$F$291,12,'F13 Ninth Floor'!$N$6:$N$291) -> 53.947516 | E41: =SUMIF('F13 Ninth Floor'!$F$6:$F$291,16,'F13 Ninth Floor'!$N$6:$N$291) -> 2.7480494 | F41: =SUMIF('F13 Ninth Floor'!$F$6:$F$291,20,'F13 Ninth Floor'!$N$6:$N$291) -> 17.796667 | G41: =SUMIF('F13 Ninth Floor'!$F$6:$F$291,25,'F13 Ninth Floor'!$N$6:$N$291) -> 6.4910301 | H41: =SUM(C41:G41) -> 88.327561
A42: F14 | B42: Tenth Floor (+34000) | C42: =SUMIF('F14 Tenth Floor'!$F$6:$F$253,10,'F14 Tenth Floor'!$N$6:$N$253) -> 5.7719049 | D42: =SUMIF('F14 Tenth Floor'!$F$6:$F$253,12,'F14 Tenth Floor'!$N$6:$N$253) -> 39.938644 | E42: =SUMIF('F14 Tenth Floor'!$F$6:$F$253,16,'F14 Tenth Floor'!$N$6:$N$253) -> 2.8006716 | F42: =SUMIF('F14 Tenth Floor'!$F$6:$F$253,20,'F14 Tenth Floor'!$N$6:$N$253) -> 15.119259 | G42: =SUMIF('F14 Tenth Floor'!$F$6:$F$253,25,'F14 Tenth Floor'!$N$6:$N$253) -> 4.0573881 | H42: =SUM(C42:G42) -> 67.687868
A43: F15 | B43: Roof Top Terrace (+37300) | C43: =SUMIF('F15 Roof Top Terrace'!$F$6:$F$216,10,'F15 Roof Top Terrace'!$N$6:$N$216) -> 3.5047926 | D43: =SUMIF('F15 Roof Top Terrace'!$F$6:$F$216,12,'F15 Roof Top Terrace'!$N$6:$N$216) -> 45.484284 | E43: =SUMIF('F15 Roof Top Terrace'!$F$6:$F$216,16,'F15 Roof Top Terrace'!$N$6:$N$216) -> 1.440316 | F43: =SUMIF('F15 Roof Top Terrace'!$F$6:$F$216,20,'F15 Roof Top Terrace'!$N$6:$N$216) -> 11.340741 | G43: =SUMIF('F15 Roof Top Terrace'!$F$6:$F$216,25,'F15 Roof Top Terrace'!$N$6:$N$216) -> 3.6222029 | H43: =SUM(C43:G43) -> 65.392337
A44: F16 | B44: Roof Level (+40450) | C44: =SUMIF('F16 Roof Level'!$F$6:$F$84,10,'F16 Roof Level'!$N$6:$N$84) -> 1.5024691 | D44: =SUMIF('F16 Roof Level'!$F$6:$F$84,12,'F16 Roof Level'!$N$6:$N$84) -> 4.96272 | E44: =SUMIF('F16 Roof Level'!$F$6:$F$84,16,'F16 Roof Level'!$N$6:$N$84) -> 0.96035556 | F44: =SUMIF('F16 Roof Level'!$F$6:$F$84,20,'F16 Roof Level'!$N$6:$N$84) -> 5.0593457 | G44: =SUMIF('F16 Roof Level'!$F$6:$F$84,25,'F16 Roof Level'!$N$6:$N$84) -> 0.32349537 | H44: =SUM(C44:G44) -> 12.808386
A45: F17 | B45: Top of Lift Core (+44650) | C45: =SUMIF('F17 Top of Lift Core'!$F$6:$F$9,10,'F17 Top of Lift Core'!$N$6:$N$9) -> 0 | D45: =SUMIF('F17 Top of Lift Core'!$F$6:$F$9,12,'F17 Top of Lift Core'!$N$6:$N$9) -> 0.36591111 | E45: =SUMIF('F17 Top of Lift Core'!$F$6:$F$9,16,'F17 Top of Lift Core'!$N$6:$N$9) -> 0 | F45: =SUMIF('F17 Top of Lift Core'!$F$6:$F$9,20,'F17 Top of Lift Core'!$N$6:$N$9) -> 0 | G45: =SUMIF('F17 Top of Lift Core'!$F$6:$F$9,25,'F17 Top of Lift Core'!$N$6:$N$9) -> 0 | H45: =SUM(C45:G45) -> 0.36591111
B46: GRAND TOTAL | C46: =SUM(C28:C45) -> 98.380583 | D46: =SUM(D28:D45) -> 633.96138 | E46: =SUM(E28:E45) -> 42.431526 | F46: =SUM(F28:F45) -> 164.10868 | G46: =SUM(G28:G45) -> 367.33252 | H46: =SUM(H28:H45) -> 1306.2147
B48: Cross-check: element total minus diameter total (should be 0) | C48: =ROUND(L23-H46,6) -> 0
A51: ALL FLOORS - TOTAL BY ELEMENT AND BAR SIZE (TONNES)
B52: Element | C52: Y10 | D52: Y12 | E52: Y16 | F52: Y20 | G52: Y25 | H52: TOTAL (t)
B53: Raft Foundation | C53: ='F00 Substructure'!E158+'F01 Ground Floor'!E111+'F02 M1 Level'!E145+'F03 First Floor'!E173+'F04 M2 Level'!E131+'F05 Second Floor'!E175+'F06 Mezzanine Floor'!E122+'F07 Third Floor'!E234+'F08 Fourth Floor'!E285+'F09 Fifth Floor'!E285+'F10 Sixth Floor'!E285+'F11 Seventh Floor'!E285+'F12 Eighth Floor'!E285+'F13 Ninth Floor'!E295+'F14 Tenth Floor'!E257+'F15 Roof Top Terrace'!E220+'F16 Roof Level'!E88+'F17 Top of Lift Core'!E13 -> 0 | D53: ='F00 Substructure'!F158+'F01 Ground Floor'!F111+'F02 M1 Level'!F145+'F03 First Floor'!F173+'F04 M2 Level'!F131+'F05 Second Floor'!F175+'F06 Mezzanine Floor'!F122+'F07 Third Floor'!F234+'F08 Fourth Floor'!F285+'F09 Fifth Floor'!F285+'F10 Sixth Floor'!F285+'F11 Seventh Floor'!F285+'F12 Eighth Floor'!F285+'F13 Ninth Floor'!F295+'F14 Tenth Floor'!F257+'F15 Roof Top Terrace'!F220+'F16 Roof Level'!F88+'F17 Top of Lift Core'!F13 -> 0 | E53: ='F00 Substructure'!G158+'F01 Ground Floor'!G111+'F02 M1 Level'!G145+'F03 First Floor'!G173+'F04 M2 Level'!G131+'F05 Second Floor'!G175+'F06 Mezzanine Floor'!G122+'F07 Third Floor'!G234+'F08 Fourth Floor'!G285+'F09 Fifth Floor'!G285+'F10 Sixth Floor'!G285+'F11 Seventh Floor'!G285+'F12 Eighth Floor'!G285+'F13 Ninth Floor'!G295+'F14 Tenth Floor'!G257+'F15 Roof Top Terrace'!G220+'F16 Roof Level'!G88+'F17 Top of Lift Core'!G13 -> 0 | F53: ='F00 Substructure'!H158+'F01 Ground Floor'!H111+'F02 M1 Level'!H145+'F03 First Floor'!H173+'F04 M2 Level'!H131+'F05 Second Floor'!H175+'F06 Mezzanine Floor'!H122+'F07 Third Floor'!H234+'F08 Fourth Floor'!H285+'F09 Fifth Floor'!H285+'F10 Sixth Floor'!H285+'F11 Seventh Floor'!H285+'F12 Eighth Floor'!H285+'F13 Ninth Floor'!H295+'F14 Tenth Floor'!H257+'F15 Roof Top Terrace'!H220+'F16 Roof Level'!H88+'F17 Top of Lift Core'!H13 -> 2.4662963 | G53: ='F00 Substructure'!I158+'F01 Ground Floor'!I111+'F02 M1 Level'!I145+'F03 First Floor'!I173+'F04 M2 Level'!I131+'F05 Second Floor'!I175+'F06 Mezzanine Floor'!I122+'F07 Third Floor'!I234+'F08 Fourth Floor'!I285+'F09 Fifth Floor'!I285+'F10 Sixth Floor'!I285+'F11 Seventh Floor'!I285+'F12 Eighth Floor'!I285+'F13 Ninth Floor'!I295+'F14 Tenth Floor'!I257+'F15 Roof Top Terrace'!I220+'F16 Roof Level'!I88+'F17 Top of Lift Core'!I13 -> 184.67218 | H53: =SUM(C53:G53) -> 187.13848
B54: Columns | C54: ='F00 Substructure'!E159+'F01 Ground Floor'!E112+'F02 M1 Level'!E146+'F03 First Floor'!E174+'F04 M2 Level'!E132+'F05 Second Floor'!E176+'F06 Mezzanine Floor'!E123+'F07 Third Floor'!E235+'F08 Fourth Floor'!E286+'F09 Fifth Floor'!E286+'F10 Sixth Floor'!E286+'F11 Seventh Floor'!E286+'F12 Eighth Floor'!E286+'F13 Ninth Floor'!E296+'F14 Tenth Floor'!E258+'F15 Roof Top Terrace'!E221+'F16 Roof Level'!E89+'F17 Top of Lift Core'!E14 -> 51.72441 | D54: ='F00 Substructure'!F159+'F01 Ground Floor'!F112+'F02 M1 Level'!F146+'F03 First Floor'!F174+'F04 M2 Level'!F132+'F05 Second Floor'!F176+'F06 Mezzanine Floor'!F123+'F07 Third Floor'!F235+'F08 Fourth Floor'!F286+'F09 Fifth Floor'!F286+'F10 Sixth Floor'!F286+'F11 Seventh Floor'!F286+'F12 Eighth Floor'!F286+'F13 Ninth Floor'!F296+'F14 Tenth Floor'!F258+'F15 Roof Top Terrace'!F221+'F16 Roof Level'!F89+'F17 Top of Lift Core'!F14 -> 0 | E54: ='F00 Substructure'!G159+'F01 Ground Floor'!G112+'F02 M1 Level'!G146+'F03 First Floor'!G174+'F04 M2 Level'!G132+'F05 Second Floor'!G176+'F06 Mezzanine Floor'!G123+'F07 Third Floor'!G235+'F08 Fourth Floor'!G286+'F09 Fifth Floor'!G286+'F10 Sixth Floor'!G286+'F11 Seventh Floor'!G286+'F12 Eighth Floor'!G286+'F13 Ninth Floor'!G296+'F14 Tenth Floor'!G258+'F15 Roof Top Terrace'!G221+'F16 Roof Level'!G89+'F17 Top of Lift Core'!G14 -> 0 | F54: ='F00 Substructure'!H159+'F01 Ground Floor'!H112+'F02 M1 Level'!H146+'F03 First Floor'!H174+'F04 M2 Level'!H132+'F05 Second Floor'!H176+'F06 Mezzanine Floor'!H123+'F07 Third Floor'!H235+'F08 Fourth Floor'!H286+'F09 Fifth Floor'!H286+'F10 Sixth Floor'!H286+'F11 Seventh Floor'!H286+'F12 Eighth Floor'!H286+'F13 Ninth Floor'!H296+'F14 Tenth Floor'!H258+'F15 Roof Top Terrace'!H221+'F16 Roof Level'!H89+'F17 Top of Lift Core'!H14 -> 56.927111 | G54: ='F00 Substructure'!I159+'F01 Ground Floor'!I112+'F02 M1 Level'!I146+'F03 First Floor'!I174+'F04 M2 Level'!I132+'F05 Second Floor'!I176+'F06 Mezzanine Floor'!I123+'F07 Third Floor'!I235+'F08 Fourth Floor'!I286+'F09 Fifth Floor'!I286+'F10 Sixth Floor'!I286+'F11 Seventh Floor'!I286+'F12 Eighth Floor'!I286+'F13 Ninth Floor'!I296+'F14 Tenth Floor'!I258+'F15 Roof Top Terrace'!I221+'F16 Roof Level'!I89+'F17 Top of Lift Core'!I14 -> 36.477083 | H54: =SUM(C54:G54) -> 145.1286
B55: Shear Walls | C55: ='F00 Substructure'!E160+'F01 Ground Floor'!E113+'F02 M1 Level'!E147+'F03 First Floor'!E175+'F04 M2 Level'!E133+'F05 Second Floor'!E177+'F06 Mezzanine Floor'!E124+'F07 Third Floor'!E236+'F08 Fourth Floor'!E287+'F09 Fifth Floor'!E287+'F10 Sixth Floor'!E287+'F11 Seventh Floor'!E287+'F12 Eighth Floor'!E287+'F13 Ninth Floor'!E297+'F14 Tenth Floor'!E259+'F15 Roof Top Terrace'!E222+'F16 Roof Level'!E90+'F17 Top of Lift Core'!E15 -> 18.158889 | D55: ='F00 Substructure'!F160+'F01 Ground Floor'!F113+'F02 M1 Level'!F147+'F03 First Floor'!F175+'F04 M2 Level'!F133+'F05 Second Floor'!F177+'F06 Mezzanine Floor'!F124+'F07 Third Floor'!F236+'F08 Fourth Floor'!F287+'F09 Fifth Floor'!F287+'F10 Sixth Floor'!F287+'F11 Seventh Floor'!F287+'F12 Eighth Floor'!F287+'F13 Ninth Floor'!F297+'F14 Tenth Floor'!F259+'F15 Roof Top Terrace'!F222+'F16 Roof Level'!F90+'F17 Top of Lift Core'!F15 -> 24.880533 | E55: ='F00 Substructure'!G160+'F01 Ground Floor'!G113+'F02 M1 Level'!G147+'F03 First Floor'!G175+'F04 M2 Level'!G133+'F05 Second Floor'!G177+'F06 Mezzanine Floor'!G124+'F07 Third Floor'!G236+'F08 Fourth Floor'!G287+'F09 Fifth Floor'!G287+'F10 Sixth Floor'!G287+'F11 Seventh Floor'!G287+'F12 Eighth Floor'!G287+'F13 Ninth Floor'!G297+'F14 Tenth Floor'!G259+'F15 Roof Top Terrace'!G222+'F16 Roof Level'!G90+'F17 Top of Lift Core'!G15 -> 0 | F55: ='F00 Substructure'!H160+'F01 Ground Floor'!H113+'F02 M1 Level'!H147+'F03 First Floor'!H175+'F04 M2 Level'!H133+'F05 Second Floor'!H177+'F06 Mezzanine Floor'!H124+'F07 Third Floor'!H236+'F08 Fourth Floor'!H287+'F09 Fifth Floor'!H287+'F10 Sixth Floor'!H287+'F11 Seventh Floor'!H287+'F12 Eighth Floor'!H287+'F13 Ninth Floor'!H297+'F14 Tenth Floor'!H259+'F15 Roof Top Terrace'!H222+'F16 Roof Level'!H90+'F17 Top of Lift Core'!H15 -> 54.980988 | G55: ='F00 Substructure'!I160+'F01 Ground Floor'!I113+'F02 M1 Level'!I147+'F03 First Floor'!I175+'F04 M2 Level'!I133+'F05 Second Floor'!I177+'F06 Mezzanine Floor'!I124+'F07 Third Floor'!I236+'F08 Fourth Floor'!I287+'F09 Fifth Floor'!I287+'F10 Sixth Floor'!I287+'F11 Seventh Floor'!I287+'F12 Eighth Floor'!I287+'F13 Ninth Floor'!I297+'F14 Tenth Floor'!I259+'F15 Roof Top Terrace'!I222+'F16 Roof Level'!I90+'F17 Top of Lift Core'!I15 -> 58.763889 | H55: =SUM(C55:G55) -> 156.7843
B56: Lift Walls | C56: ='F00 Substructure'!E161+'F01 Ground Floor'!E114+'F02 M1 Level'!E148+'F03 First Floor'!E176+'F04 M2 Level'!E134+'F05 Second Floor'!E178+'F06 Mezzanine Floor'!E125+'F07 Third Floor'!E237+'F08 Fourth Floor'!E288+'F09 Fifth Floor'!E288+'F10 Sixth Floor'!E288+'F11 Seventh Floor'!E288+'F12 Eighth Floor'!E288+'F13 Ninth Floor'!E298+'F14 Tenth Floor'!E260+'F15 Roof Top Terrace'!E223+'F16 Roof Level'!E91+'F17 Top of Lift Core'!E16 -> 8.8111111 | D56: ='F00 Substructure'!F161+'F01 Ground Floor'!F114+'F02 M1 Level'!F148+'F03 First Floor'!F176+'F04 M2 Level'!F134+'F05 Second Floor'!F178+'F06 Mezzanine Floor'!F125+'F07 Third Floor'!F237+'F08 Fourth Floor'!F288+'F09 Fifth Floor'!F288+'F10 Sixth Floor'!F288+'F11 Seventh Floor'!F288+'F12 Eighth Floor'!F288+'F13 Ninth Floor'!F298+'F14 Tenth Floor'!F260+'F15 Roof Top Terrace'!F223+'F16 Roof Level'!F91+'F17 Top of Lift Core'!F16 -> 11.85872 | E56: ='F00 Substructure'!G161+'F01 Ground Floor'!G114+'F02 M1 Level'!G148+'F03 First Floor'!G176+'F04 M2 Level'!G134+'F05 Second Floor'!G178+'F06 Mezzanine Floor'!G125+'F07 Third Floor'!G237+'F08 Fourth Floor'!G288+'F09 Fifth Floor'!G288+'F10 Sixth Floor'!G288+'F11 Seventh Floor'!G288+'F12 Eighth Floor'!G288+'F13 Ninth Floor'!G298+'F14 Tenth Floor'!G260+'F15 Roof Top Terrace'!G223+'F16 Roof Level'!G91+'F17 Top of Lift Core'!G16 -> 0 | F56: ='F00 Substructure'!H161+'F01 Ground Floor'!H114+'F02 M1 Level'!H148+'F03 First Floor'!H176+'F04 M2 Level'!H134+'F05 Second Floor'!H178+'F06 Mezzanine Floor'!H125+'F07 Third Floor'!H237+'F08 Fourth Floor'!H288+'F09 Fifth Floor'!H288+'F10 Sixth Floor'!H288+'F11 Seventh Floor'!H288+'F12 Eighth Floor'!H288+'F13 Ninth Floor'!H298+'F14 Tenth Floor'!H260+'F15 Roof Top Terrace'!H223+'F16 Roof Level'!H91+'F17 Top of Lift Core'!H16 -> 27.171358 | G56: ='F00 Substructure'!I161+'F01 Ground Floor'!I114+'F02 M1 Level'!I148+'F03 First Floor'!I176+'F04 M2 Level'!I134+'F05 Second Floor'!I178+'F06 Mezzanine Floor'!I125+'F07 Third Floor'!I237+'F08 Fourth Floor'!I288+'F09 Fifth Floor'!I288+'F10 Sixth Floor'!I288+'F11 Seventh Floor'!I288+'F12 Eighth Floor'!I288+'F13 Ninth Floor'!I298+'F14 Tenth Floor'!I260+'F15 Roof Top Terrace'!I223+'F16 Roof Level'!I91+'F17 Top of Lift Core'!I16 -> 33.027778 | H56: =SUM(C56:G56) -> 80.868967
B57: Retaining / Ramp Walls | C57: ='F00 Substructure'!E162+'F01 Ground Floor'!E115+'F02 M1 Level'!E149+'F03 First Floor'!E177+'F04 M2 Level'!E135+'F05 Second Floor'!E179+'F06 Mezzanine Floor'!E126+'F07 Third Floor'!E238+'F08 Fourth Floor'!E289+'F09 Fifth Floor'!E289+'F10 Sixth Floor'!E289+'F11 Seventh Floor'!E289+'F12 Eighth Floor'!E289+'F13 Ninth Floor'!E299+'F14 Tenth Floor'!E261+'F15 Roof Top Terrace'!E224+'F16 Roof Level'!E92+'F17 Top of Lift Core'!E17 -> 0 | D57: ='F00 Substructure'!F162+'F01 Ground Floor'!F115+'F02 M1 Level'!F149+'F03 First Floor'!F177+'F04 M2 Level'!F135+'F05 Second Floor'!F179+'F06 Mezzanine Floor'!F126+'F07 Third Floor'!F238+'F08 Fourth Floor'!F289+'F09 Fifth Floor'!F289+'F10 Sixth Floor'!F289+'F11 Seventh Floor'!F289+'F12 Eighth Floor'!F289+'F13 Ninth Floor'!F299+'F14 Tenth Floor'!F261+'F15 Roof Top Terrace'!F224+'F16 Roof Level'!F92+'F17 Top of Lift Core'!F17 -> 0.83957333 | E57: ='F00 Substructure'!G162+'F01 Ground Floor'!G115+'F02 M1 Level'!G149+'F03 First Floor'!G177+'F04 M2 Level'!G135+'F05 Second Floor'!G179+'F06 Mezzanine Floor'!G126+'F07 Third Floor'!G238+'F08 Fourth Floor'!G289+'F09 Fifth Floor'!G289+'F10 Sixth Floor'!G289+'F11 Seventh Floor'!G289+'F12 Eighth Floor'!G289+'F13 Ninth Floor'!G299+'F14 Tenth Floor'!G261+'F15 Roof Top Terrace'!G224+'F16 Roof Level'!G92+'F17 Top of Lift Core'!G17 -> 0 | F57: ='F00 Substructure'!H162+'F01 Ground Floor'!H115+'F02 M1 Level'!H149+'F03 First Floor'!H177+'F04 M2 Level'!H135+'F05 Second Floor'!H179+'F06 Mezzanine Floor'!H126+'F07 Third Floor'!H238+'F08 Fourth Floor'!H289+'F09 Fifth Floor'!H289+'F10 Sixth Floor'!H289+'F11 Seventh Floor'!H289+'F12 Eighth Floor'!H289+'F13 Ninth Floor'!H299+'F14 Tenth Floor'!H261+'F15 Roof Top Terrace'!H224+'F16 Roof Level'!H92+'F17 Top of Lift Core'!H17 -> 0 | G57: ='F00 Substructure'!I162+'F01 Ground Floor'!I115+'F02 M1 Level'!I149+'F03 First Floor'!I177+'F04 M2 Level'!I135+'F05 Second Floor'!I179+'F06 Mezzanine Floor'!I126+'F07 Third Floor'!I238+'F08 Fourth Floor'!I289+'F09 Fifth Floor'!I289+'F10 Sixth Floor'!I289+'F11 Seventh Floor'!I289+'F12 Eighth Floor'!I289+'F13 Ninth Floor'!I299+'F14 Tenth Floor'!I261+'F15 Roof Top Terrace'!I224+'F16 Roof Level'!I92+'F17 Top of Lift Core'!I17 -> 0 | H57: =SUM(C57:G57) -> 0.83957333
B58: Beams | C58: ='F00 Substructure'!E163+'F01 Ground Floor'!E116+'F02 M1 Level'!E150+'F03 First Floor'!E178+'F04 M2 Level'!E136+'F05 Second Floor'!E180+'F06 Mezzanine Floor'!E127+'F07 Third Floor'!E239+'F08 Fourth Floor'!E290+'F09 Fifth Floor'!E290+'F10 Sixth Floor'!E290+'F11 Seventh Floor'!E290+'F12 Eighth Floor'!E290+'F13 Ninth Floor'!E300+'F14 Tenth Floor'!E262+'F15 Roof Top Terrace'!E225+'F16 Roof Level'!E93+'F17 Top of Lift Core'!E18 -> 19.686173 | D58: ='F00 Substructure'!F163+'F01 Ground Floor'!F116+'F02 M1 Level'!F150+'F03 First Floor'!F178+'F04 M2 Level'!F136+'F05 Second Floor'!F180+'F06 Mezzanine Floor'!F127+'F07 Third Floor'!F239+'F08 Fourth Floor'!F290+'F09 Fifth Floor'!F290+'F10 Sixth Floor'!F290+'F11 Seventh Floor'!F290+'F12 Eighth Floor'!F290+'F13 Ninth Floor'!F300+'F14 Tenth Floor'!F262+'F15 Roof Top Terrace'!F225+'F16 Roof Level'!F93+'F17 Top of Lift Core'!F18 -> 0 | E58: ='F00 Substructure'!G163+'F01 Ground Floor'!G116+'F02 M1 Level'!G150+'F03 First Floor'!G178+'F04 M2 Level'!G136+'F05 Second Floor'!G180+'F06 Mezzanine Floor'!G127+'F07 Third Floor'!G239+'F08 Fourth Floor'!G290+'F09 Fifth Floor'!G290+'F10 Sixth Floor'!G290+'F11 Seventh Floor'!G290+'F12 Eighth Floor'!G290+'F13 Ninth Floor'!G300+'F14 Tenth Floor'!G262+'F15 Roof Top Terrace'!G225+'F16 Roof Level'!G93+'F17 Top of Lift Core'!G18 -> 14.784672 | F58: ='F00 Substructure'!H163+'F01 Ground Floor'!H116+'F02 M1 Level'!H150+'F03 First Floor'!H178+'F04 M2 Level'!H136+'F05 Second Floor'!H180+'F06 Mezzanine Floor'!H127+'F07 Third Floor'!H239+'F08 Fourth Floor'!H290+'F09 Fifth Floor'!H290+'F10 Sixth Floor'!H290+'F11 Seventh Floor'!H290+'F12 Eighth Floor'!H290+'F13 Ninth Floor'!H300+'F14 Tenth Floor'!H262+'F15 Roof Top Terrace'!H225+'F16 Roof Level'!H93+'F17 Top of Lift Core'!H18 -> 22.562926 | G58: ='F00 Substructure'!I163+'F01 Ground Floor'!I116+'F02 M1 Level'!I150+'F03 First Floor'!I178+'F04 M2 Level'!I136+'F05 Second Floor'!I180+'F06 Mezzanine Floor'!I127+'F07 Third Floor'!I239+'F08 Fourth Floor'!I290+'F09 Fifth Floor'!I290+'F10 Sixth Floor'!I290+'F11 Seventh Floor'!I290+'F12 Eighth Floor'!I290+'F13 Ninth Floor'!I300+'F14 Tenth Floor'!I262+'F15 Roof Top Terrace'!I225+'F16 Roof Level'!I93+'F17 Top of Lift Core'!I18 -> 54.39159 | H58: =SUM(C58:G58) -> 111.42536
B59: Floor Slabs | C59: ='F00 Substructure'!E164+'F01 Ground Floor'!E117+'F02 M1 Level'!E151+'F03 First Floor'!E179+'F04 M2 Level'!E137+'F05 Second Floor'!E181+'F06 Mezzanine Floor'!E128+'F07 Third Floor'!E240+'F08 Fourth Floor'!E291+'F09 Fifth Floor'!E291+'F10 Sixth Floor'!E291+'F11 Seventh Floor'!E291+'F12 Eighth Floor'!E291+'F13 Ninth Floor'!E301+'F14 Tenth Floor'!E263+'F15 Roof Top Terrace'!E226+'F16 Roof Level'!E94+'F17 Top of Lift Core'!E19 -> 0 | D59: ='F00 Substructure'!F164+'F01 Ground Floor'!F117+'F02 M1 Level'!F151+'F03 First Floor'!F179+'F04 M2 Level'!F137+'F05 Second Floor'!F181+'F06 Mezzanine Floor'!F128+'F07 Third Floor'!F240+'F08 Fourth Floor'!F291+'F09 Fifth Floor'!F291+'F10 Sixth Floor'!F291+'F11 Seventh Floor'!F291+'F12 Eighth Floor'!F291+'F13 Ninth Floor'!F301+'F14 Tenth Floor'!F263+'F15 Roof Top Terrace'!F226+'F16 Roof Level'!F94+'F17 Top of Lift Core'!F19 -> 585.90073 | E59: ='F00 Substructure'!G164+'F01 Ground Floor'!G117+'F02 M1 Level'!G151+'F03 First Floor'!G179+'F04 M2 Level'!G137+'F05 Second Floor'!G181+'F06 Mezzanine Floor'!G128+'F07 Third Floor'!G240+'F08 Fourth Floor'!G291+'F09 Fifth Floor'!G291+'F10 Sixth Floor'!G291+'F11 Seventh Floor'!G291+'F12 Eighth Floor'!G291+'F13 Ninth Floor'!G301+'F14 Tenth Floor'!G263+'F15 Roof Top Terrace'!G226+'F16 Roof Level'!G94+'F17 Top of Lift Core'!G19 -> 11.420484 | F59: ='F00 Substructure'!H164+'F01 Ground Floor'!H117+'F02 M1 Level'!H151+'F03 First Floor'!H179+'F04 M2 Level'!H137+'F05 Second Floor'!H181+'F06 Mezzanine Floor'!H128+'F07 Third Floor'!H240+'F08 Fourth Floor'!H291+'F09 Fifth Floor'!H291+'F10 Sixth Floor'!H291+'F11 Seventh Floor'!H291+'F12 Eighth Floor'!H291+'F13 Ninth Floor'!H301+'F14 Tenth Floor'!H263+'F15 Roof Top Terrace'!H226+'F16 Roof Level'!H94+'F17 Top of Lift Core'!H19 -> 0 | G59: ='F00 Substructure'!I164+'F01 Ground Floor'!I117+'F02 M1 Level'!I151+'F03 First Floor'!I179+'F04 M2 Level'!I137+'F05 Second Floor'!I181+'F06 Mezzanine Floor'!I128+'F07 Third Floor'!I240+'F08 Fourth Floor'!I291+'F09 Fifth Floor'!I291+'F10 Sixth Floor'!I291+'F11 Seventh Floor'!I291+'F12 Eighth Floor'!I291+'F13 Ninth Floor'!I301+'F14 Tenth Floor'!I263+'F15 Roof Top Terrace'!I226+'F16 Roof Level'!I94+'F17 Top of Lift Core'!I19 -> 0 | H59: =SUM(C59:G59) -> 597.32122
B60: Staircases | C60: ='F00 Substructure'!E165+'F01 Ground Floor'!E118+'F02 M1 Level'!E152+'F03 First Floor'!E180+'F04 M2 Level'!E138+'F05 Second Floor'!E182+'F06 Mezzanine Floor'!E129+'F07 Third Floor'!E241+'F08 Fourth Floor'!E292+'F09 Fifth Floor'!E292+'F10 Sixth Floor'!E292+'F11 Seventh Floor'!E292+'F12 Eighth Floor'!E292+'F13 Ninth Floor'!E302+'F14 Tenth Floor'!E264+'F15 Roof Top Terrace'!E227+'F16 Roof Level'!E95+'F17 Top of Lift Core'!E20 -> 0 | D60: ='F00 Substructure'!F165+'F01 Ground Floor'!F118+'F02 M1 Level'!F152+'F03 First Floor'!F180+'F04 M2 Level'!F138+'F05 Second Floor'!F182+'F06 Mezzanine Floor'!F129+'F07 Third Floor'!F241+'F08 Fourth Floor'!F292+'F09 Fifth Floor'!F292+'F10 Sixth Floor'!F292+'F11 Seventh Floor'!F292+'F12 Eighth Floor'!F292+'F13 Ninth Floor'!F302+'F14 Tenth Floor'!F264+'F15 Roof Top Terrace'!F227+'F16 Roof Level'!F95+'F17 Top of Lift Core'!F20 -> 10.115911 | E60: ='F00 Substructure'!G165+'F01 Ground Floor'!G118+'F02 M1 Level'!G152+'F03 First Floor'!G180+'F04 M2 Level'!G138+'F05 Second Floor'!G182+'F06 Mezzanine Floor'!G129+'F07 Third Floor'!G241+'F08 Fourth Floor'!G292+'F09 Fifth Floor'!G292+'F10 Sixth Floor'!G292+'F11 Seventh Floor'!G292+'F12 Eighth Floor'!G292+'F13 Ninth Floor'!G302+'F14 Tenth Floor'!G264+'F15 Roof Top Terrace'!G227+'F16 Roof Level'!G95+'F17 Top of Lift Core'!G20 -> 16.22637 | F60: ='F00 Substructure'!H165+'F01 Ground Floor'!H118+'F02 M1 Level'!H152+'F03 First Floor'!H180+'F04 M2 Level'!H138+'F05 Second Floor'!H182+'F06 Mezzanine Floor'!H129+'F07 Third Floor'!H241+'F08 Fourth Floor'!H292+'F09 Fifth Floor'!H292+'F10 Sixth Floor'!H292+'F11 Seventh Floor'!H292+'F12 Eighth Floor'!H292+'F13 Ninth Floor'!H302+'F14 Tenth Floor'!H264+'F15 Roof Top Terrace'!H227+'F16 Roof Level'!H95+'F17 Top of Lift Core'!H20 -> 0 | G60: ='F00 Substructure'!I165+'F01 Ground Floor'!I118+'F02 M1 Level'!I152+'F03 First Floor'!I180+'F04 M2 Level'!I138+'F05 Second Floor'!I182+'F06 Mezzanine Floor'!I129+'F07 Third Floor'!I241+'F08 Fourth Floor'!I292+'F09 Fifth Floor'!I292+'F10 Sixth Floor'!I292+'F11 Seventh Floor'!I292+'F12 Eighth Floor'!I292+'F13 Ninth Floor'!I302+'F14 Tenth Floor'!I264+'F15 Roof Top Terrace'!I227+'F16 Roof Level'!I95+'F17 Top of Lift Core'!I20 -> 0 | H60: =SUM(C60:G60) -> 26.342281
B61: Lift Core Roof Slab | C61: ='F00 Substructure'!E166+'F01 Ground Floor'!E119+'F02 M1 Level'!E153+'F03 First Floor'!E181+'F04 M2 Level'!E139+'F05 Second Floor'!E183+'F06 Mezzanine Floor'!E130+'F07 Third Floor'!E242+'F08 Fourth Floor'!E293+'F09 Fifth Floor'!E293+'F10 Sixth Floor'!E293+'F11 Seventh Floor'!E293+'F12 Eighth Floor'!E293+'F13 Ninth Floor'!E303+'F14 Tenth Floor'!E265+'F15 Roof Top Terrace'!E228+'F16 Roof Level'!E96+'F17 Top of Lift Core'!E21 -> 0 | D61: ='F00 Substructure'!F166+'F01 Ground Floor'!F119+'F02 M1 Level'!F153+'F03 First Floor'!F181+'F04 M2 Level'!F139+'F05 Second Floor'!F183+'F06 Mezzanine Floor'!F130+'F07 Third Floor'!F242+'F08 Fourth Floor'!F293+'F09 Fifth Floor'!F293+'F10 Sixth Floor'!F293+'F11 Seventh Floor'!F293+'F12 Eighth Floor'!F293+'F13 Ninth Floor'!F303+'F14 Tenth Floor'!F265+'F15 Roof Top Terrace'!F228+'F16 Roof Level'!F96+'F17 Top of Lift Core'!F21 -> 0.36591111 | E61: ='F00 Substructure'!G166+'F01 Ground Floor'!G119+'F02 M1 Level'!G153+'F03 First Floor'!G181+'F04 M2 Level'!G139+'F05 Second Floor'!G183+'F06 Mezzanine Floor'!G130+'F07 Third Floor'!G242+'F08 Fourth Floor'!G293+'F09 Fifth Floor'!G293+'F10 Sixth Floor'!G293+'F11 Seventh Floor'!G293+'F12 Eighth Floor'!G293+'F13 Ninth Floor'!G303+'F14 Tenth Floor'!G265+'F15 Roof Top Terrace'!G228+'F16 Roof Level'!G96+'F17 Top of Lift Core'!G21 -> 0 | F61: ='F00 Substructure'!H166+'F01 Ground Floor'!H119+'F02 M1 Level'!H153+'F03 First Floor'!H181+'F04 M2 Level'!H139+'F05 Second Floor'!H183+'F06 Mezzanine Floor'!H130+'F07 Third Floor'!H242+'F08 Fourth Floor'!H293+'F09 Fifth Floor'!H293+'F10 Sixth Floor'!H293+'F11 Seventh Floor'!H293+'F12 Eighth Floor'!H293+'F13 Ninth Floor'!H303+'F14 Tenth Floor'!H265+'F15 Roof Top Terrace'!H228+'F16 Roof Level'!H96+'F17 Top of Lift Core'!H21 -> 0 | G61: ='F00 Substructure'!I166+'F01 Ground Floor'!I119+'F02 M1 Level'!I153+'F03 First Floor'!I181+'F04 M2 Level'!I139+'F05 Second Floor'!I183+'F06 Mezzanine Floor'!I130+'F07 Third Floor'!I242+'F08 Fourth Floor'!I293+'F09 Fifth Floor'!I293+'F10 Sixth Floor'!I293+'F11 Seventh Floor'!I293+'F12 Eighth Floor'!I293+'F13 Ninth Floor'!I303+'F14 Tenth Floor'!I265+'F15 Roof Top Terrace'!I228+'F16 Roof Level'!I96+'F17 Top of Lift Core'!I21 -> 0 | H61: =SUM(C61:G61) -> 0.36591111
B62: GRAND TOTAL - ALL FLOORS | C62: =SUM(C53:C61) -> 98.380583 | D62: =SUM(D53:D61) -> 633.96138 | E62: =SUM(E53:E61) -> 42.431526 | F62: =SUM(F53:F61) -> 164.10868 | G62: =SUM(G53:G61) -> 367.33252 | H62: =SUM(H53:H61) -> 1306.2147
B63: Cross-check vs floor totals (should be 0) | C63: =ROUND(H62-L23,6) -> 0

Sheet Element x Size by Floor
A1: EACH ELEMENT BY FLOOR AND BAR SIZE (TONNES) - with totals for all floors
A2: Values link to the element/bar-size summary at the foot of each floor sheet (green).
A4: RAFT FOUNDATION
A5: Ref | B5: Floor / level | C5: Y10 | D5: Y12 | E5: Y16 | F5: Y20 | G5: Y25 | H5: TOTAL (t)
A6: F00 | B6: Raft foundation & starters (Foundation to Ground) | C6: ='F00 Substructure'!E158 -> 0 | D6: ='F00 Substructure'!F158 -> 0 | E6: ='F00 Substructure'!G158 -> 0 | F6: ='F00 Substructure'!H158 -> 2.4662963 | G6: ='F00 Substructure'!I158 -> 184.67218 | H6: =SUM(C6:G6) -> 187.13848
A7: F01 | B7: Ground floor (+300) - elements rising to next level | C7: ='F01 Ground Floor'!E111 -> 0 | D7: ='F01 Ground Floor'!F111 -> 0 | E7: ='F01 Ground Floor'!G111 -> 0 | F7: ='F01 Ground Floor'!H111 -> 0 | G7: ='F01 Ground Floor'!I111 -> 0 | H7: =SUM(C7:G7) -> 0
A8: F02 | B8: M1 Level 1B Parking (+2500) | C8: ='F02 M1 Level'!E145 -> 0 | D8: ='F02 M1 Level'!F145 -> 0 | E8: ='F02 M1 Level'!G145 -> 0 | F8: ='F02 M1 Level'!H145 -> 0 | G8: ='F02 M1 Level'!I145 -> 0 | H8: =SUM(C8:G8) -> 0
A9: F03 | B9: First Floor Level 2A Parking (+4150) | C9: ='F03 First Floor'!E173 -> 0 | D9: ='F03 First Floor'!F173 -> 0 | E9: ='F03 First Floor'!G173 -> 0 | F9: ='F03 First Floor'!H173 -> 0 | G9: ='F03 First Floor'!I173 -> 0 | H9: =SUM(C9:G9) -> 0
A10: F04 | B10: M2 Level 2B Parking (+5200) | C10: ='F04 M2 Level'!E131 -> 0 | D10: ='F04 M2 Level'!F131 -> 0 | E10: ='F04 M2 Level'!G131 -> 0 | F10: ='F04 M2 Level'!H131 -> 0 | G10: ='F04 M2 Level'!I131 -> 0 | H10: =SUM(C10:G10) -> 0
A11: F05 | B11: Second Floor Level 3A Parking (+6850) | C11: ='F05 Second Floor'!E175 -> 0 | D11: ='F05 Second Floor'!F175 -> 0 | E11: ='F05 Second Floor'!G175 -> 0 | F11: ='F05 Second Floor'!H175 -> 0 | G11: ='F05 Second Floor'!I175 -> 0 | H11: =SUM(C11:G11) -> 0
A12: F06 | B12: Mezzanine Floor 3B Parking (+7900) | C12: ='F06 Mezzanine Floor'!E122 -> 0 | D12: ='F06 Mezzanine Floor'!F122 -> 0 | E12: ='F06 Mezzanine Floor'!G122 -> 0 | F12: ='F06 Mezzanine Floor'!H122 -> 0 | G12: ='F06 Mezzanine Floor'!I122 -> 0 | H12: =SUM(C12:G12) -> 0
A13: F07 | B13: Third Floor (+10900) | C13: ='F07 Third Floor'!E234 -> 0 | D13: ='F07 Third Floor'!F234 -> 0 | E13: ='F07 Third Floor'!G234 -> 0 | F13: ='F07 Third Floor'!H234 -> 0 | G13: ='F07 Third Floor'!I234 -> 0 | H13: =SUM(C13:G13) -> 0
A14: F08 | B14: Fourth Floor (+14200) - typical 4th-8th | C14: ='F08 Fourth Floor'!E285 -> 0 | D14: ='F08 Fourth Floor'!F285 -> 0 | E14: ='F08 Fourth Floor'!G285 -> 0 | F14: ='F08 Fourth Floor'!H285 -> 0 | G14: ='F08 Fourth Floor'!I285 -> 0 | H14: =SUM(C14:G14) -> 0
A15: F09 | B15: Fifth Floor (+17500) - typical 4th-8th | C15: ='F09 Fifth Floor'!E285 -> 0 | D15: ='F09 Fifth Floor'!F285 -> 0 | E15: ='F09 Fifth Floor'!G285 -> 0 | F15: ='F09 Fifth Floor'!H285 -> 0 | G15: ='F09 Fifth Floor'!I285 -> 0 | H15: =SUM(C15:G15) -> 0
A16: F10 | B16: Sixth Floor (+20800) - typical 4th-8th | C16: ='F10 Sixth Floor'!E285 -> 0 | D16: ='F10 Sixth Floor'!F285 -> 0 | E16: ='F10 Sixth Floor'!G285 -> 0 | F16: ='F10 Sixth Floor'!H285 -> 0 | G16: ='F10 Sixth Floor'!I285 -> 0 | H16: =SUM(C16:G16) -> 0
A17: F11 | B17: Seventh Floor (+24100) - typical 4th-8th | C17: ='F11 Seventh Floor'!E285 -> 0 | D17: ='F11 Seventh Floor'!F285 -> 0 | E17: ='F11 Seventh Floor'!G285 -> 0 | F17: ='F11 Seventh Floor'!H285 -> 0 | G17: ='F11 Seventh Floor'!I285 -> 0 | H17: =SUM(C17:G17) -> 0
A18: F12 | B18: Eighth Floor (+27400) - typical 4th-8th | C18: ='F12 Eighth Floor'!E285 -> 0 | D18: ='F12 Eighth Floor'!F285 -> 0 | E18: ='F12 Eighth Floor'!G285 -> 0 | F18: ='F12 Eighth Floor'!H285 -> 0 | G18: ='F12 Eighth Floor'!I285 -> 0 | H18: =SUM(C18:G18) -> 0
A19: F13 | B19: Ninth Floor (+30700) | C19: ='F13 Ninth Floor'!E295 -> 0 | D19: ='F13 Ninth Floor'!F295 -> 0 | E19: ='F13 Ninth Floor'!G295 -> 0 | F19: ='F13 Ninth Floor'!H295 -> 0 | G19: ='F13 Ninth Floor'!I295 -> 0 | H19: =SUM(C19:G19) -> 0
A20: F14 | B20: Tenth Floor (+34000) | C20: ='F14 Tenth Floor'!E257 -> 0 | D20: ='F14 Tenth Floor'!F257 -> 0 | E20: ='F14 Tenth Floor'!G257 -> 0 | F20: ='F14 Tenth Floor'!H257 -> 0 | G20: ='F14 Tenth Floor'!I257 -> 0 | H20: =SUM(C20:G20) -> 0
A21: F15 | B21: Roof Top Terrace (+37300) | C21: ='F15 Roof Top Terrace'!E220 -> 0 | D21: ='F15 Roof Top Terrace'!F220 -> 0 | E21: ='F15 Roof Top Terrace'!G220 -> 0 | F21: ='F15 Roof Top Terrace'!H220 -> 0 | G21: ='F15 Roof Top Terrace'!I220 -> 0 | H21: =SUM(C21:G21) -> 0
A22: F16 | B22: Roof Level (+40450) | C22: ='F16 Roof Level'!E88 -> 0 | D22: ='F16 Roof Level'!F88 -> 0 | E22: ='F16 Roof Level'!G88 -> 0 | F22: ='F16 Roof Level'!H88 -> 0 | G22: ='F16 Roof Level'!I88 -> 0 | H22: =SUM(C22:G22) -> 0
A23: F17 | B23: Top of Lift Core (+44650) | C23: ='F17 Top of Lift Core'!E13 -> 0 | D23: ='F17 Top of Lift Core'!F13 -> 0 | E23: ='F17 Top of Lift Core'!G13 -> 0 | F23: ='F17 Top of Lift Core'!H13 -> 0 | G23: ='F17 Top of Lift Core'!I13 -> 0 | H23: =SUM(C23:G23) -> 0
B24: TOTAL RAFT FOUNDATION - ALL FLOORS | C24: =SUM(C6:C23) -> 0 | D24: =SUM(D6:D23) -> 0 | E24: =SUM(E6:E23) -> 0 | F24: =SUM(F6:F23) -> 2.4662963 | G24: =SUM(G6:G23) -> 184.67218 | H24: =SUM(H6:H23) -> 187.13848
A27: COLUMNS
A28: Ref | B28: Floor / level | C28: Y10 | D28: Y12 | E28: Y16 | F28: Y20 | G28: Y25 | H28: TOTAL (t)
A29: F00 | B29: Raft foundation & starters (Foundation to Ground) | C29: ='F00 Substructure'!E159 -> 3.2521988 | D29: ='F00 Substructure'!F159 -> 0 | E29: ='F00 Substructure'!G159 -> 0 | F29: ='F00 Substructure'!H159 -> 0.33777778 | G29: ='F00 Substructure'!I159 -> 6.53125 | H29: =SUM(C29:G29) -> 10.121227
A30: F01 | B30: Ground floor (+300) - elements rising to next level | C30: ='F01 Ground Floor'!E112 -> 4.3723506 | D30: ='F01 Ground Floor'!F112 -> 0 | E30: ='F01 Ground Floor'!G112 -> 0 | F30: ='F01 Ground Floor'!H112 -> 0.59851852 | G30: ='F01 Ground Floor'!I112 -> 10.083333 | H30: =SUM(C30:G30) -> 15.054202
A31: F02 | B31: M1 Level 1B Parking (+2500) | C31: ='F02 M1 Level'!E146 -> 1.656321 | D31: ='F02 M1 Level'!F146 -> 0 | E31: ='F02 M1 Level'!G146 -> 0 | F31: ='F02 M1 Level'!H146 -> 0 | G31: ='F02 M1 Level'!I146 -> 4.3032407 | H31: =SUM(C31:G31) -> 5.9595617
A32: F03 | B32: First Floor Level 2A Parking (+4150) | C32: ='F03 First Floor'!E174 -> 2.7165407 | D32: ='F03 First Floor'!F174 -> 0 | E32: ='F03 First Floor'!G174 -> 0 | F32: ='F03 First Floor'!H174 -> 0.46222222 | G32: ='F03 First Floor'!I174 -> 4.6342593 | H32: =SUM(C32:G32) -> 7.8130222
A33: F04 | B33: M2 Level 2B Parking (+5200) | C33: ='F04 M2 Level'!E132 -> 1.656321 | D33: ='F04 M2 Level'!F132 -> 0 | E33: ='F04 M2 Level'!G132 -> 0 | F33: ='F04 M2 Level'!H132 -> 0.15407407 | G33: ='F04 M2 Level'!I132 -> 4.0625 | H33: =SUM(C33:G33) -> 5.8728951
A34: F05 | B34: Second Floor Level 3A Parking (+6850) | C34: ='F05 Second Floor'!E176 -> 3.2386667 | D34: ='F05 Second Floor'!F176 -> 0 | E34: ='F05 Second Floor'!G176 -> 0 | F34: ='F05 Second Floor'!H176 -> 0.62222222 | G34: ='F05 Second Floor'!I176 -> 6.2384259 | H34: =SUM(C34:G34) -> 10.099315
A35: F06 | B35: Mezzanine Floor 3B Parking (+7900) | C35: ='F06 Mezzanine Floor'!E123 -> 1.656321 | D35: ='F06 Mezzanine Floor'!F123 -> 0 | E35: ='F06 Mezzanine Floor'!G123 -> 0 | F35: ='F06 Mezzanine Floor'!H123 -> 3.1659259 | G35: ='F06 Mezzanine Floor'!I123 -> 0 | H35: =SUM(C35:G35) -> 4.8222469
A36: F07 | B36: Third Floor (+10900) | C36: ='F07 Third Floor'!E235 -> 4.5506296 | D36: ='F07 Third Floor'!F235 -> 0 | E36: ='F07 Third Floor'!G235 -> 0 | F36: ='F07 Third Floor'!H235 -> 7.1333333 | G36: ='F07 Third Floor'!I235 -> 0 | H36: =SUM(C36:G36) -> 11.683963
A37: F08 | B37: Fourth Floor (+14200) - typical 4th-8th | C37: ='F08 Fourth Floor'!E286 -> 4.5506296 | D37: ='F08 Fourth Floor'!F286 -> 0 | E37: ='F08 Fourth Floor'!G286 -> 0 | F37: ='F08 Fourth Floor'!H286 -> 7.1333333 | G37: ='F08 Fourth Floor'!I286 -> 0 | H37: =SUM(C37:G37) -> 11.683963
A38: F09 | B38: Fifth Floor (+17500) - typical 4th-8th | C38: ='F09 Fifth Floor'!E286 -> 4.5506296 | D38: ='F09 Fifth Floor'!F286 -> 0 | E38: ='F09 Fifth Floor'!G286 -> 0 | F38: ='F09 Fifth Floor'!H286 -> 7.1333333 | G38: ='F09 Fifth Floor'!I286 -> 0 | H38: =SUM(C38:G38) -> 11.683963
A39: F10 | B39: Sixth Floor (+20800) - typical 4th-8th | C39: ='F10 Sixth Floor'!E286 -> 4.5506296 | D39: ='F10 Sixth Floor'!F286 -> 0 | E39: ='F10 Sixth Floor'!G286 -> 0 | F39: ='F10 Sixth Floor'!H286 -> 7.1333333 | G39: ='F10 Sixth Floor'!I286 -> 0 | H39: =SUM(C39:G39) -> 11.683963
A40: F11 | B40: Seventh Floor (+24100) - typical 4th-8th | C40: ='F11 Seventh Floor'!E286 -> 4.5506296 | D40: ='F11 Seventh Floor'!F286 -> 0 | E40: ='F11 Seventh Floor'!G286 -> 0 | F40: ='F11 Seventh Floor'!H286 -> 7.1333333 | G40: ='F11 Seventh Floor'!I286 -> 0 | H40: =SUM(C40:G40) -> 11.683963
A41: F12 | B41: Eighth Floor (+27400) - typical 4th-8th | C41: ='F12 Eighth Floor'!E286 -> 4.5091383 | D41: ='F12 Eighth Floor'!F286 -> 0 | E41: ='F12 Eighth Floor'!G286 -> 0 | F41: ='F12 Eighth Floor'!H286 -> 6.298716 | G41: ='F12 Eighth Floor'!I286 -> 0.62407407 | H41: =SUM(C41:G41) -> 11.431928
A42: F13 | B42: Ninth Floor (+30700) | C42: ='F13 Ninth Floor'!E296 -> 3.2347926 | D42: ='F13 Ninth Floor'!F296 -> 0 | E42: ='F13 Ninth Floor'!G296 -> 0 | F42: ='F13 Ninth Floor'!H296 -> 5.1111111 | G42: ='F13 Ninth Floor'!I296 -> 0 | H42: =SUM(C42:G42) -> 8.3459037
A43: F14 | B43: Tenth Floor (+34000) | C43: ='F14 Tenth Floor'!E258 -> 2.4684481 | D43: ='F14 Tenth Floor'!F258 -> 0 | E43: ='F14 Tenth Floor'!G258 -> 0 | F43: ='F14 Tenth Floor'!H258 -> 4.0841975 | G43: ='F14 Tenth Floor'!I258 -> 0 | H43: =SUM(C43:G43) -> 6.5526457
A44: F15 | B44: Roof Top Terrace (+37300) | C44: ='F15 Roof Top Terrace'!E221 -> 0.21016296 | D44: ='F15 Roof Top Terrace'!F221 -> 0 | E44: ='F15 Roof Top Terrace'!G221 -> 0 | F44: ='F15 Roof Top Terrace'!H221 -> 0.42567901 | G44: ='F15 Roof Top Terrace'!I221 -> 0 | H44: =SUM(C44:G44) -> 0.63584198
A45: F16 | B45: Roof Level (+40450) | C45: ='F16 Roof Level'!E89 -> 0 | D45: ='F16 Roof Level'!F89 -> 0 | E45: ='F16 Roof Level'!G89 -> 0 | F45: ='F16 Roof Level'!H89 -> 0 | G45: ='F16 Roof Level'!I89 -> 0 | H45: =SUM(C45:G45) -> 0
A46: F17 | B46: Top of Lift Core (+44650) | C46: ='F17 Top of Lift Core'!E14 -> 0 | D46: ='F17 Top of Lift Core'!F14 -> 0 | E46: ='F17 Top of Lift Core'!G14 -> 0 | F46: ='F17 Top of Lift Core'!H14 -> 0 | G46: ='F17 Top of Lift Core'!I14 -> 0 | H46: =SUM(C46:G46) -> 0
B47: TOTAL COLUMNS - ALL FLOORS | C47: =SUM(C29:C46) -> 51.72441 | D47: =SUM(D29:D46) -> 0 | E47: =SUM(E29:E46) -> 0 | F47: =SUM(F29:F46) -> 56.927111 | G47: =SUM(G29:G46) -> 36.477083 | H47: =SUM(H29:H46) -> 145.1286
A50: SHEAR WALLS
A51: Ref | B51: Floor / level | C51: Y10 | D51: Y12 | E51: Y16 | F51: Y20 | G51: Y25 | H51: TOTAL (t)
A52: F00 | B52: Raft foundation & starters (Foundation to Ground) | C52: ='F00 Substructure'!E160 -> 0.51666667 | D52: ='F00 Substructure'!F160 -> 0.86272 | E52: ='F00 Substructure'!G160 -> 0 | F52: ='F00 Substructure'!H160 -> 0 | G52: ='F00 Substructure'!I160 -> 9.8402778 | H52: =SUM(C52:G52) -> 11.219664
A53: F01 | B53: Ground floor (+300) - elements rising to next level | C53: ='F01 Ground Floor'!E113 -> 1.3744444 | D53: ='F01 Ground Floor'!F113 -> 2.2677867 | E53: ='F01 Ground Floor'!G113 -> 0 | F53: ='F01 Ground Floor'!H113 -> 0 | G53: ='F01 Ground Floor'!I113 -> 10.865355 | H53: =SUM(C53:G53) -> 14.507586
A54: F02 | B54: M1 Level 1B Parking (+2500) | C54: ='F02 M1 Level'!E147 -> 0.66 | D54: ='F02 M1 Level'!F147 -> 0.83484444 | E54: ='F02 M1 Level'!G147 -> 0 | F54: ='F02 M1 Level'!H147 -> 0 | G54: ='F02 M1 Level'!I147 -> 5.1959877 | H54: =SUM(C54:G54) -> 6.6908321
A55: F03 | B55: First Floor Level 2A Parking (+4150) | C55: ='F03 First Floor'!E175 -> 0.52 | D55: ='F03 First Floor'!F175 -> 0.69888 | E55: ='F03 First Floor'!G175 -> 0 | F55: ='F03 First Floor'!H175 -> 0 | G55: ='F03 First Floor'!I175 -> 4.5393519 | H55: =SUM(C55:G55) -> 5.7582319
A56: F04 | B56: M2 Level 2B Parking (+5200) | C56: ='F04 M2 Level'!E133 -> 0.66 | D56: ='F04 M2 Level'!F133 -> 0.83484444 | E56: ='F04 M2 Level'!G133 -> 0 | F56: ='F04 M2 Level'!H133 -> 0 | G56: ='F04 M2 Level'!I133 -> 5.1959877 | H56: =SUM(C56:G56) -> 6.6908321
A57: F05 | B57: Second Floor Level 3A Parking (+6850) | C57: ='F05 Second Floor'!E177 -> 0.78 | D57: ='F05 Second Floor'!F177 -> 1.092 | E57: ='F05 Second Floor'!G177 -> 0 | F57: ='F05 Second Floor'!H177 -> 0 | G57: ='F05 Second Floor'!I177 -> 6.1956019 | H57: =SUM(C57:G57) -> 8.0676019
A58: F06 | B58: Mezzanine Floor 3B Parking (+7900) | C58: ='F06 Mezzanine Floor'!E124 -> 0.73333333 | D58: ='F06 Mezzanine Floor'!F124 -> 0.9392 | E58: ='F06 Mezzanine Floor'!G124 -> 0 | F58: ='F06 Mezzanine Floor'!H124 -> 0 | G58: ='F06 Mezzanine Floor'!I124 -> 5.617284 | H58: =SUM(C58:G58) -> 7.2898173
A59: F07 | B59: Third Floor (+10900) | C59: ='F07 Third Floor'!E236 -> 1.4422222 | D59: ='F07 Third Floor'!F236 -> 1.9171556 | E59: ='F07 Third Floor'!G236 -> 0 | F59: ='F07 Third Floor'!H236 -> 0 | G59: ='F07 Third Floor'!I236 -> 11.314043 | H59: =SUM(C59:G59) -> 14.673421
A60: F08 | B60: Fourth Floor (+14200) - typical 4th-8th | C60: ='F08 Fourth Floor'!E287 -> 1.4422222 | D60: ='F08 Fourth Floor'!F287 -> 1.9171556 | E60: ='F08 Fourth Floor'!G287 -> 0 | F60: ='F08 Fourth Floor'!H287 -> 6.9041975 | G60: ='F08 Fourth Floor'!I287 -> 0 | H60: =SUM(C60:G60) -> 10.263575
A61: F09 | B61: Fifth Floor (+17500) - typical 4th-8th | C61: ='F09 Fifth Floor'!E287 -> 1.4422222 | D61: ='F09 Fifth Floor'!F287 -> 1.9171556 | E61: ='F09 Fifth Floor'!G287 -> 0 | F61: ='F09 Fifth Floor'!H287 -> 6.9041975 | G61: ='F09 Fifth Floor'!I287 -> 0 | H61: =SUM(C61:G61) -> 10.263575
A62: F10 | B62: Sixth Floor (+20800) - typical 4th-8th | C62: ='F10 Sixth Floor'!E287 -> 1.4422222 | D62: ='F10 Sixth Floor'!F287 -> 1.9171556 | E62: ='F10 Sixth Floor'!G287 -> 0 | F62: ='F10 Sixth Floor'!H287 -> 6.9041975 | G62: ='F10 Sixth Floor'!I287 -> 0 | H62: =SUM(C62:G62) -> 10.263575
A63: F11 | B63: Seventh Floor (+24100) - typical 4th-8th | C63: ='F11 Seventh Floor'!E287 -> 1.4422222 | D63: ='F11 Seventh Floor'!F287 -> 1.9171556 | E63: ='F11 Seventh Floor'!G287 -> 0 | F63: ='F11 Seventh Floor'!H287 -> 6.9041975 | G63: ='F11 Seventh Floor'!I287 -> 0 | H63: =SUM(C63:G63) -> 10.263575
A64: F12 | B64: Eighth Floor (+27400) - typical 4th-8th | C64: ='F12 Eighth Floor'!E287 -> 1.4422222 | D64: ='F12 Eighth Floor'!F287 -> 1.9171556 | E64: ='F12 Eighth Floor'!G287 -> 0 | F64: ='F12 Eighth Floor'!H287 -> 6.9041975 | G64: ='F12 Eighth Floor'!I287 -> 0 | H64: =SUM(C64:G64) -> 10.263575
A65: F13 | B65: Ninth Floor (+30700) | C65: ='F13 Ninth Floor'!E297 -> 1.4422222 | D65: ='F13 Ninth Floor'!F297 -> 2.1088711 | E65: ='F13 Ninth Floor'!G297 -> 0 | F65: ='F13 Ninth Floor'!H297 -> 6.9041975 | G65: ='F13 Ninth Floor'!I297 -> 0 | H65: =SUM(C65:G65) -> 10.455291
A66: F14 | B66: Tenth Floor (+34000) | C66: ='F14 Tenth Floor'!E259 -> 1.4422222 | D66: ='F14 Tenth Floor'!F259 -> 1.9171556 | E66: ='F14 Tenth Floor'!G259 -> 0 | F66: ='F14 Tenth Floor'!H259 -> 6.9041975 | G66: ='F14 Tenth Floor'!I259 -> 0 | H66: =SUM(C66:G66) -> 10.263575
A67: F15 | B67: Roof Top Terrace (+37300) | C67: ='F15 Roof Top Terrace'!E222 -> 1.3766667 | D67: ='F15 Roof Top Terrace'!F222 -> 1.8212978 | E67: ='F15 Roof Top Terrace'!G222 -> 0 | F67: ='F15 Roof Top Terrace'!H222 -> 6.6516049 | G67: ='F15 Roof Top Terrace'!I222 -> 0 | H67: =SUM(C67:G67) -> 9.8495694
A68: F16 | B68: Roof Level (+40450) | C68: ='F16 Roof Level'!E90 -> 0 | D68: ='F16 Roof Level'!F90 -> 0 | E68: ='F16 Roof Level'!G90 -> 0 | F68: ='F16 Roof Level'!H90 -> 0 | G68: ='F16 Roof Level'!I90 -> 0 | H68: =SUM(C68:G68) -> 0
A69: F17 | B69: Top of Lift Core (+44650) | C69: ='F17 Top of Lift Core'!E15 -> 0 | D69: ='F17 Top of Lift Core'!F15 -> 0 | E69: ='F17 Top of Lift Core'!G15 -> 0 | F69: ='F17 Top of Lift Core'!H15 -> 0 | G69: ='F17 Top of Lift Core'!I15 -> 0 | H69: =SUM(C69:G69) -> 0
B70: TOTAL SHEAR WALLS - ALL FLOORS | C70: =SUM(C52:C69) -> 18.158889 | D70: =SUM(D52:D69) -> 24.880533 | E70: =SUM(E52:E69) -> 0 | F70: =SUM(F52:F69) -> 54.980988 | G70: =SUM(G52:G69) -> 58.763889 | H70: =SUM(H52:H69) -> 156.7843
A73: LIFT WALLS
A74: Ref | B74: Floor / level | C74: Y10 | D74: Y12 | E74: Y16 | F74: Y20 | G74: Y25 | H74: TOTAL (t)
A75: F00 | B75: Raft foundation & starters (Foundation to Ground) | C75: ='F00 Substructure'!E161 -> 0.26 | D75: ='F00 Substructure'!F161 -> 0.38952 | E75: ='F00 Substructure'!G161 -> 0 | F75: ='F00 Substructure'!H161 -> 0 | G75: ='F00 Substructure'!I161 -> 4.9351852 | H75: =SUM(C75:G75) -> 5.5847052
A76: F01 | B76: Ground floor (+300) - elements rising to next level | C76: ='F01 Ground Floor'!E114 -> 0.75111111 | D76: ='F01 Ground Floor'!F114 -> 1.47152 | E76: ='F01 Ground Floor'!G114 -> 0 | F76: ='F01 Ground Floor'!H114 -> 0 | G76: ='F01 Ground Floor'!I114 -> 6.1373457 | H76: =SUM(C76:G76) -> 8.3599768
A77: F02 | B77: M1 Level 1B Parking (+2500) | C77: ='F02 M1 Level'!E148 -> 0 | D77: ='F02 M1 Level'!F148 -> 0 | E77: ='F02 M1 Level'!G148 -> 0 | F77: ='F02 M1 Level'!H148 -> 0 | G77: ='F02 M1 Level'!I148 -> 0 | H77: =SUM(C77:G77) -> 0
A78: F03 | B78: First Floor Level 2A Parking (+4150) | C78: ='F03 First Floor'!E176 -> 0.52 | D78: ='F03 First Floor'!F176 -> 0.69248 | E78: ='F03 First Floor'!G176 -> 0 | F78: ='F03 First Floor'!H176 -> 0 | G78: ='F03 First Floor'!I176 -> 4.6820988 | H78: =SUM(C78:G78) -> 5.8945788
A79: F04 | B79: M2 Level 2B Parking (+5200) | C79: ='F04 M2 Level'!E134 -> 0 | D79: ='F04 M2 Level'!F134 -> 0 | E79: ='F04 M2 Level'!G134 -> 0 | F79: ='F04 M2 Level'!H134 -> 0 | G79: ='F04 M2 Level'!I134 -> 0 | H79: =SUM(C79:G79) -> 0
A80: F05 | B80: Second Floor Level 3A Parking (+6850) | C80: ='F05 Second Floor'!E178 -> 0.78 | D80: ='F05 Second Floor'!F178 -> 1.082 | E80: ='F05 Second Floor'!G178 -> 0 | F80: ='F05 Second Floor'!H178 -> 0 | G80: ='F05 Second Floor'!I178 -> 6.3904321 | H80: =SUM(C80:G80) -> 8.2524321
A81: F06 | B81: Mezzanine Floor 3B Parking (+7900) | C81: ='F06 Mezzanine Floor'!E125 -> 0 | D81: ='F06 Mezzanine Floor'!F125 -> 0 | E81: ='F06 Mezzanine Floor'!G125 -> 0 | F81: ='F06 Mezzanine Floor'!H125 -> 0 | G81: ='F06 Mezzanine Floor'!I125 -> 0 | H81: =SUM(C81:G81) -> 0
A82: F07 | B82: Third Floor (+10900) | C82: ='F07 Third Floor'!E237 -> 0.63555556 | D82: ='F07 Third Floor'!F237 -> 0.8656 | E82: ='F07 Third Floor'!G237 -> 0 | F82: ='F07 Third Floor'!H237 -> 0 | G82: ='F07 Third Floor'!I237 -> 5.441358 | H82: =SUM(C82:G82) -> 6.9425136
A83: F08 | B83: Fourth Floor (+14200) - typical 4th-8th | C83: ='F08 Fourth Floor'!E288 -> 0.63555556 | D83: ='F08 Fourth Floor'!F288 -> 0.8656 | E83: ='F08 Fourth Floor'!G288 -> 0 | F83: ='F08 Fourth Floor'!H288 -> 0 | G83: ='F08 Fourth Floor'!I288 -> 5.441358 | H83: =SUM(C83:G83) -> 6.9425136
A84: F09 | B84: Fifth Floor (+17500) - typical 4th-8th | C84: ='F09 Fifth Floor'!E288 -> 0.63555556 | D84: ='F09 Fifth Floor'!F288 -> 0.8656 | E84: ='F09 Fifth Floor'!G288 -> 0 | F84: ='F09 Fifth Floor'!H288 -> 3.3204938 | G84: ='F09 Fifth Floor'!I288 -> 0 | H84: =SUM(C84:G84) -> 4.8216494
A85: F10 | B85: Sixth Floor (+20800) - typical 4th-8th | C85: ='F10 Sixth Floor'!E288 -> 0.63555556 | D85: ='F10 Sixth Floor'!F288 -> 0.8656 | E85: ='F10 Sixth Floor'!G288 -> 0 | F85: ='F10 Sixth Floor'!H288 -> 3.3204938 | G85: ='F10 Sixth Floor'!I288 -> 0 | H85: =SUM(C85:G85) -> 4.8216494
A86: F11 | B86: Seventh Floor (+24100) - typical 4th-8th | C86: ='F11 Seventh Floor'!E288 -> 0.63555556 | D86: ='F11 Seventh Floor'!F288 -> 0.8656 | E86: ='F11 Seventh Floor'!G288 -> 0 | F86: ='F11 Seventh Floor'!H288 -> 3.3204938 | G86: ='F11 Seventh Floor'!I288 -> 0 | H86: =SUM(C86:G86) -> 4.8216494
A87: F12 | B87: Eighth Floor (+27400) - typical 4th-8th | C87: ='F12 Eighth Floor'!E288 -> 0.63555556 | D87: ='F12 Eighth Floor'!F288 -> 0.8656 | E87: ='F12 Eighth Floor'!G288 -> 0 | F87: ='F12 Eighth Floor'!H288 -> 3.3204938 | G87: ='F12 Eighth Floor'!I288 -> 0 | H87: =SUM(C87:G87) -> 4.8216494
A88: F13 | B88: Ninth Floor (+30700) | C88: ='F13 Ninth Floor'!E298 -> 0.63555556 | D88: ='F13 Ninth Floor'!F298 -> 0.95216 | E88: ='F13 Ninth Floor'!G298 -> 0 | F88: ='F13 Ninth Floor'!H298 -> 3.3204938 | G88: ='F13 Ninth Floor'!I298 -> 0 | H88: =SUM(C88:G88) -> 4.9082094
A89: F14 | B89: Tenth Floor (+34000) | C89: ='F14 Tenth Floor'!E260 -> 0.63555556 | D89: ='F14 Tenth Floor'!F260 -> 0.8656 | E89: ='F14 Tenth Floor'!G260 -> 0 | F89: ='F14 Tenth Floor'!H260 -> 3.3204938 | G89: ='F14 Tenth Floor'!I260 -> 0 | H89: =SUM(C89:G89) -> 4.8216494
A90: F15 | B90: Roof Top Terrace (+37300) | C90: ='F15 Roof Top Terrace'!E223 -> 0.60666667 | D90: ='F15 Roof Top Terrace'!F223 -> 0.82232 | E90: ='F15 Roof Top Terrace'!G223 -> 0 | F90: ='F15 Roof Top Terrace'!H223 -> 3.1990123 | G90: ='F15 Roof Top Terrace'!I223 -> 0 | H90: =SUM(C90:G90) -> 4.627999
A91: F16 | B91: Roof Level (+40450) | C91: ='F16 Roof Level'!E91 -> 0.80888889 | D91: ='F16 Roof Level'!F91 -> 0.38952 | E91: ='F16 Roof Level'!G91 -> 0 | F91: ='F16 Roof Level'!H91 -> 4.0493827 | G91: ='F16 Roof Level'!I91 -> 0 | H91: =SUM(C91:G91) -> 5.2477916
A92: F17 | B92: Top of Lift Core (+44650) | C92: ='F17 Top of Lift Core'!E16 -> 0 | D92: ='F17 Top of Lift Core'!F16 -> 0 | E92: ='F17 Top of Lift Core'!G16 -> 0 | F92: ='F17 Top of Lift Core'!H16 -> 0 | G92: ='F17 Top of Lift Core'!I16 -> 0 | H92: =SUM(C92:G92) -> 0
B93: TOTAL LIFT WALLS - ALL FLOORS | C93: =SUM(C75:C92) -> 8.8111111 | D93: =SUM(D75:D92) -> 11.85872 | E93: =SUM(E75:E92) -> 0 | F93: =SUM(F75:F92) -> 27.171358 | G93: =SUM(G75:G92) -> 33.027778 | H93: =SUM(H75:H92) -> 80.868967
A96: RETAINING / RAMP WALLS
A97: Ref | B97: Floor / level | C97: Y10 | D97: Y12 | E97: Y16 | F97: Y20 | G97: Y25 | H97: TOTAL (t)
A98: F00 | B98: Raft foundation & starters (Foundation to Ground) | C98: ='F00 Substructure'!E162 -> 0 | D98: ='F00 Substructure'!F162 -> 0 | E98: ='F00 Substructure'!G162 -> 0 | F98: ='F00 Substructure'!H162 -> 0 | G98: ='F00 Substructure'!I162 -> 0 | H98: =SUM(C98:G98) -> 0
A99: F01 | B99: Ground floor (+300) - elements rising to next level | C99: ='F01 Ground Floor'!E115 -> 0 | D99: ='F01 Ground Floor'!F115 -> 0.83957333 | E99: ='F01 Ground Floor'!G115 -> 0 | F99: ='F01 Ground Floor'!H115 -> 0 | G99: ='F01 Ground Floor'!I115 -> 0 | H99: =SUM(C99:G99) -> 0.83957333
A100: F02 | B100: M1 Level 1B Parking (+2500) | C100: ='F02 M1 Level'!E149 -> 0 | D100: ='F02 M1 Level'!F149 -> 0 | E100: ='F02 M1 Level'!G149 -> 0 | F100: ='F02 M1 Level'!H149 -> 0 | G100: ='F02 M1 Level'!I149 -> 0 | H100: =SUM(C100:G100) -> 0
A101: F03 | B101: First Floor Level 2A Parking (+4150) | C101: ='F03 First Floor'!E177 -> 0 | D101: ='F03 First Floor'!F177 -> 0 | E101: ='F03 First Floor'!G177 -> 0 | F101: ='F03 First Floor'!H177 -> 0 | G101: ='F03 First Floor'!I177 -> 0 | H101: =SUM(C101:G101) -> 0
A102: F04 | B102: M2 Level 2B Parking (+5200) | C102: ='F04 M2 Level'!E135 -> 0 | D102: ='F04 M2 Level'!F135 -> 0 | E102: ='F04 M2 Level'!G135 -> 0 | F102: ='F04 M2 Level'!H135 -> 0 | G102: ='F04 M2 Level'!I135 -> 0 | H102: =SUM(C102:G102) -> 0
A103: F05 | B103: Second Floor Level 3A Parking (+6850) | C103: ='F05 Second Floor'!E179 -> 0 | D103: ='F05 Second Floor'!F179 -> 0 | E103: ='F05 Second Floor'!G179 -> 0 | F103: ='F05 Second Floor'!H179 -> 0 | G103: ='F05 Second Floor'!I179 -> 0 | H103: =SUM(C103:G103) -> 0
A104: F06 | B104: Mezzanine Floor 3B Parking (+7900) | C104: ='F06 Mezzanine Floor'!E126 -> 0 | D104: ='F06 Mezzanine Floor'!F126 -> 0 | E104: ='F06 Mezzanine Floor'!G126 -> 0 | F104: ='F06 Mezzanine Floor'!H126 -> 0 | G104: ='F06 Mezzanine Floor'!I126 -> 0 | H104: =SUM(C104:G104) -> 0
A105: F07 | B105: Third Floor (+10900) | C105: ='F07 Third Floor'!E238 -> 0 | D105: ='F07 Third Floor'!F238 -> 0 | E105: ='F07 Third Floor'!G238 -> 0 | F105: ='F07 Third Floor'!H238 -> 0 | G105: ='F07 Third Floor'!I238 -> 0 | H105: =SUM(C105:G105) -> 0
A106: F08 | B106: Fourth Floor (+14200) - typical 4th-8th | C106: ='F08 Fourth Floor'!E289 -> 0 | D106: ='F08 Fourth Floor'!F289 -> 0 | E106: ='F08 Fourth Floor'!G289 -> 0 | F106: ='F08 Fourth Floor'!H289 -> 0 | G106: ='F08 Fourth Floor'!I289 -> 0 | H106: =SUM(C106:G106) -> 0
A107: F09 | B107: Fifth Floor (+17500) - typical 4th-8th | C107: ='F09 Fifth Floor'!E289 -> 0 | D107: ='F09 Fifth Floor'!F289 -> 0 | E107: ='F09 Fifth Floor'!G289 -> 0 | F107: ='F09 Fifth Floor'!H289 -> 0 | G107: ='F09 Fifth Floor'!I289 -> 0 | H107: =SUM(C107:G107) -> 0
A108: F10 | B108: Sixth Floor (+20800) - typical 4th-8th | C108: ='F10 Sixth Floor'!E289 -> 0 | D108: ='F10 Sixth Floor'!F289 -> 0 | E108: ='F10 Sixth Floor'!G289 -> 0 | F108: ='F10 Sixth Floor'!H289 -> 0 | G108: ='F10 Sixth Floor'!I289 -> 0 | H108: =SUM(C108:G108) -> 0
A109: F11 | B109: Seventh Floor (+24100) - typical 4th-8th | C109: ='F11 Seventh Floor'!E289 -> 0 | D109: ='F11 Seventh Floor'!F289 -> 0 | E109: ='F11 Seventh Floor'!G289 -> 0 | F109: ='F11 Seventh Floor'!H289 -> 0 | G109: ='F11 Seventh Floor'!I289 -> 0 | H109: =SUM(C109:G109) -> 0
...

Sheet F00 Substructure
A1: REINFORCEMENT TAKE-OFF - RAFT FOUNDATION & STARTERS (FOUNDATION TO GROUND)
A2: Proposed Kaneshie Block N Redevelopment
A3: Calculation per line: Total bars = members x bars/member; Total length = bars x cut length; kg = length x d^2/162; t = kg/1000
A5: Item | B5: Element | C5: Drawing | D5: Description / location | E5: Bar mark | F5: Dia (mm) | G5: No. of members | H5: No. of bars per member | I5: Total no. of bars | J5: Cut length per bar (m) | K5: Total length (m) | L5: Unit mass (kg/m) | M5: Weight (kg) | N5: Weight (t) | O5: Source
A6: 1 | B6: Raft Foundation | C6: STR-004 | D6: Raft - bottom reinforcement | E6: 2501 | F6: 25 | G6: 1 | H6: 272 | I6: =G6*H6 -> 272 | J6: =8725/1000 -> 8.725 | K6: =I6*J6 -> 2373.2 | L6: =F6^2/162 -> 3.8580247 | M6: =K6*L6 -> 9155.8642 | N6: =M6/1000 -> 9.1558642 | O6: BBS
A7: 2 | B7: Raft Foundation | C7: STR-004 | D7: Raft - bottom reinforcement | E7: 2502 | F7: 25 | G7: 1 | H7: 88 | I7: =G7*H7 -> 88 | J7: =8375/1000 -> 8.375 | K7: =I7*J7 -> 737 | L7: =F7^2/162 -> 3.8580247 | M7: =K7*L7 -> 2843.3642 | N7: =M7/1000 -> 2.8433642 | O7: BBS
A8: 3 | B8: Raft Foundation | C8: STR-004 | D8: Raft - bottom reinforcement | E8: 2503 | F8: 25 | G8: 1 | H8: 92 | I8: =G8*H8 -> 92 | J8: =10387/1000 -> 10.387 | K8: =I8*J8 -> 955.604 | L8: =F8^2/162 -> 3.8580247 | M8: =K8*L8 -> 3686.7438 | N8: =M8/1000 -> 3.6867438 | O8: BBS
A9: 4 | B9: Raft Foundation | C9: STR-004 | D9: Raft - bottom reinforcement | E9: 2504 | F9: 25 | G9: 1 | H9: 84 | I9: =G9*H9 -> 84 | J9: =11025/1000 -> 11.025 | K9: =I9*J9 -> 926.1 | L9: =F9^2/162 -> 3.8580247 | M9: =K9*L9 -> 3572.9167 | N9: =M9/1000 -> 3.5729167 | O9: BBS
A10: 5 | B10: Raft Foundation | C10: STR-004 | D10: Raft - bottom reinforcement | E10: 2504A | F10: 25 | G10: 1 | H10: 84 | I10: =G10*H10 -> 84 | J10: =10600/1000 -> 10.6 | K10: =I10*J10 -> 890.4 | L10: =F10^2/162 -> 3.8580247 | M10: =K10*L10 -> 3435.1852 | N10: =M10/1000 -> 3.4351852 | O10: BBS
A11: 6 | B11: Raft Foundation | C11: STR-004 | D11: Raft - bottom reinforcement | E11: 2505 | F11: 25 | G11: 1 | H11: 62 | I11: =G11*H11 -> 62 | J11: =11375/1000 -> 11.375 | K11: =I11*J11 -> 705.25 | L11: =F11^2/162 -> 3.8580247 | M11: =K11*L11 -> 2720.8719 | N11: =M11/1000 -> 2.7208719 | O11: BBS
A12: 7 | B12: Raft Foundation | C12: STR-004 | D12: Raft - bottom reinforcement | E12: 2506 | F12: 25 | G12: 1 | H12: 25 | I12: =G12*H12 -> 25 | J12: =7425/1000 -> 7.425 | K12: =I12*J12 -> 185.625 | L12: =F12^2/162 -> 3.8580247 | M12: =K12*L12 -> 716.14583 | N12: =M12/1000 -> 0.71614583 | O12: BBS
A13: 8 | B13: Raft Foundation | C13: STR-004 | D13: Raft - bottom reinforcement | E13: 2507 | F13: 25 | G13: 1 | H13: 88 | I13: =G13*H13 -> 88 | J13: =12000/1000 -> 12 | K13: =I13*J13 -> 1056 | L13: =F13^2/162 -> 3.8580247 | M13: =K13*L13 -> 4074.0741 | N13: =M13/1000 -> 4.0740741 | O13: BBS
A14: 9 | B14: Raft Foundation | C14: STR-004 | D14: Raft - bottom reinforcement | E14: 2508 | F14: 25 | G14: 1 | H14: 84 | I14: =G14*H14 -> 84 | J14: =8125/1000 -> 8.125 | K14: =I14*J14 -> 682.5 | L14: =F14^2/162 -> 3.8580247 | M14: =K14*L14 -> 2633.1019 | N14: =M14/1000 -> 2.6331019 | O14: BBS
A15: 10 | B15: Raft Foundation | C15: STR-004 | D15: Raft - bottom reinforcement | E15: 2509 | F15: 25 | G15: 1 | H15: 23 | I15: =G15*H15 -> 23 | J15: =10875/1000 -> 10.875 | K15: =I15*J15 -> 250.125 | L15: =F15^2/162 -> 3.8580247 | M15: =K15*L15 -> 964.98843 | N15: =M15/1000 -> 0.96498843 | O15: BBS
A16: 11 | B16: Raft Foundation | C16: STR-004 | D16: Raft - bottom reinforcement | E16: 2509A | F16: 25 | G16: 1 | H16: 23 | I16: =G16*H16 -> 23 | J16: =10555/1000 -> 10.555 | K16: =I16*J16 -> 242.765 | L16: =F16^2/162 -> 3.8580247 | M16: =K16*L16 -> 936.59336 | N16: =M16/1000 -> 0.93659336 | O16: BBS
A17: 12 | B17: Raft Foundation | C17: STR-004 | D17: Raft - bottom reinforcement | E17: 2510 | F17: 25 | G17: 1 | H17: 23 | I17: =G17*H17 -> 23 | J17: =10650/1000 -> 10.65 | K17: =I17*J17 -> 244.95 | L17: =F17^2/162 -> 3.8580247 | M17: =K17*L17 -> 945.02315 | N17: =M17/1000 -> 0.94502315 | O17: BBS
A18: 13 | B18: Raft Foundation | C18: STR-004 | D18: Raft - bottom reinforcement | E18: 2511 | F18: 25 | G18: 1 | H18: 240 | I18: =G18*H18 -> 240 | J18: =10400/1000 -> 10.4 | K18: =I18*J18 -> 2496 | L18: =F18^2/162 -> 3.8580247 | M18: =K18*L18 -> 9629.6296 | N18: =M18/1000 -> 9.6296296 | O18: BBS
A19: 14 | B19: Raft Foundation | C19: STR-004 | D19: Raft - bottom reinforcement | E19: 2512 | F19: 25 | G19: 1 | H19: 305 | I19: =G19*H19 -> 305 | J19: =6325/1000 -> 6.325 | K19: =I19*J19 -> 1929.125 | L19: =F19^2/162 -> 3.8580247 | M19: =K19*L19 -> 7442.6119 | N19: =M19/1000 -> 7.4426119 | O19: BBS
A20: 15 | B20: Raft Foundation | C20: STR-004 | D20: Raft - bottom reinforcement | E20: 2513 | F20: 25 | G20: 1 | H20: 177 | I20: =G20*H20 -> 177 | J20: =12000/1000 -> 12 | K20: =I20*J20 -> 2124 | L20: =F20^2/162 -> 3.8580247 | M20: =K20*L20 -> 8194.4444 | N20: =M20/1000 -> 8.1944444 | O20: BBS
A21: 16 | B21: Raft Foundation | C21: STR-004 | D21: Raft - bottom reinforcement | E21: 2514 | F21: 25 | G21: 1 | H21: 58 | I21: =G21*H21 -> 58 | J21: =5675/1000 -> 5.675 | K21: =I21*J21 -> 329.15 | L21: =F21^2/162 -> 3.8580247 | M21: =K21*L21 -> 1269.8688 | N21: =M21/1000 -> 1.2698688 | O21: BBS
A22: 17 | B22: Raft Foundation | C22: STR-004 | D22: Raft - bottom reinforcement | E22: 2514A | F22: 25 | G22: 1 | H22: 58 | I22: =G22*H22 -> 58 | J22: =10550/1000 -> 10.55 | K22: =I22*J22 -> 611.9 | L22: =F22^2/162 -> 3.8580247 | M22: =K22*L22 -> 2360.7253 | N22: =M22/1000 -> 2.3607253 | O22: BBS
A23: 18 | B23: Raft Foundation | C23: STR-004 | D23: Raft - bottom reinforcement | E23: 2515 | F23: 25 | G23: 1 | H23: 177 | I23: =G23*H23 -> 177 | J23: =5750/1000 -> 5.75 | K23: =I23*J23 -> 1017.75 | L23: =F23^2/162 -> 3.8580247 | M23: =K23*L23 -> 3926.5046 | N23: =M23/1000 -> 3.9265046 | O23: BBS
A24: 19 | B24: Raft Foundation | C24: STR-004 | D24: Raft - bottom reinforcement | E24: 2516 | F24: 25 | G24: 1 | H24: 58 | I24: =G24*H24 -> 58 | J24: =5800/1000 -> 5.8 | K24: =I24*J24 -> 336.4 | L24: =F24^2/162 -> 3.8580247 | M24: =K24*L24 -> 1297.8395 | N24: =M24/1000 -> 1.2978395 | O24: BBS
A25: 20 | B25: Raft Foundation | C25: STR-004 | D25: Raft - bottom reinforcement | E25: 2516A | F25: 25 | G25: 1 | H25: 58 | I25: =G25*H25 -> 58 | J25: =11075/1000 -> 11.075 | K25: =I25*J25 -> 642.35 | L25: =F25^2/162 -> 3.8580247 | M25: =K25*L25 -> 2478.2022 | N25: =M25/1000 -> 2.4782022 | O25: BBS
A26: 21 | B26: Raft Foundation | C26: STR-004 | D26: Raft - bottom reinforcement | E26: 2517 | F26: 25 | G26: 1 | H26: 177 | I26: =G26*H26 -> 177 | J26: =9000/1000 -> 9 | K26: =I26*J26 -> 1593 | L26: =F26^2/162 -> 3.8580247 | M26: =K26*L26 -> 6145.8333 | N26: =M26/1000 -> 6.1458333 | O26: BBS
A27: 22 | B27: Raft Foundation | C27: STR-004 | D27: Raft - bottom reinforcement | E27: 2518 | F27: 25 | G27: 1 | H27: 39 | I27: =G27*H27 -> 39 | J27: =9050/1000 -> 9.05 | K27: =I27*J27 -> 352.95 | L27: =F27^2/162 -> 3.8580247 | M27: =K27*L27 -> 1361.6898 | N27: =M27/1000 -> 1.3616898 | O27: BBS
A28: 23 | B28: Raft Foundation | C28: STR-004 | D28: Raft - bottom reinforcement | E28: 2519 | F28: 25 | G28: 1 | H28: 161 | I28: =G28*H28 -> 161 | J28: =2175/1000 -> 2.175 | K28: =I28*J28 -> 350.175 | L28: =F28^2/162 -> 3.8580247 | M28: =K28*L28 -> 1350.9838 | N28: =M28/1000 -> 1.3509838 | O28: BBS
A29: 24 | B29: Raft Foundation | C29: STR-004 | D29: Raft - bottom reinforcement | E29: 2520 | F29: 25 | G29: 1 | H29: 33 | I29: =G29*H29 -> 33 | J29: =9000/1000 -> 9 | K29: =I29*J29 -> 297 | L29: =F29^2/162 -> 3.8580247 | M29: =K29*L29 -> 1145.8333 | N29: =M29/1000 -> 1.1458333 | O29: BBS
A30: 25 | B30: Raft Foundation | C30: STR-004 | D30: Raft - bottom reinforcement | E30: 2521 | F30: 25 | G30: 1 | H30: 33 | I30: =G30*H30 -> 33 | J30: =12000/1000 -> 12 | K30: =I30*J30 -> 396 | L30: =F30^2/162 -> 3.8580247 | M30: =K30*L30 -> 1527.7778 | N30: =M30/1000 -> 1.5277778 | O30: BBS
A31: 26 | B31: Raft Foundation | C31: STR-004 | D31: Raft - bottom reinforcement | E31: 2522 | F31: 25 | G31: 1 | H31: 33 | I31: =G31*H31 -> 33 | J31: =11887/1000 -> 11.887 | K31: =I31*J31 -> 392.271 | L31: =F31^2/162 -> 3.8580247 | M31: =K31*L31 -> 1513.3912 | N31: =M31/1000 -> 1.5133912 | O31: BBS
A32: 27 | B32: Raft Foundation | C32: STR-004 | D32: Raft - bottom reinforcement | E32: 2523 | F32: 25 | G32: 1 | H32: 201 | I32: =G32*H32 -> 201 | J32: =11525/1000 -> 11.525 | K32: =I32*J32 -> 2316.525 | L32: =F32^2/162 -> 3.8580247 | M32: =K32*L32 -> 8937.2106 | N32: =M32/1000 -> 8.9372106 | O32: BBS
A33: 28 | B33: Raft Foundation | C33: STR-005 | D33: Raft - additional bottom reinforcement | E33: 2001 | F33: 20 | G33: 1 | H33: 24 | I33: =G33*H33 -> 24 | J33: =2225/1000 -> 2.225 | K33: =I33*J33 -> 53.4 | L33: =F33^2/162 -> 2.4691358 | M33: =K33*L33 -> 131.85185 | N33: =M33/1000 -> 0.13185185 | O33: BBS
A34: 29 | B34: Raft Foundation | C34: STR-005 | D34: Raft - additional bottom reinforcement | E34: 2002 | F34: 20 | G34: 1 | H34: 27 | I34: =G34*H34 -> 27 | J34: =3200/1000 -> 3.2 | K34: =I34*J34 -> 86.4 | L34: =F34^2/162 -> 2.4691358 | M34: =K34*L34 -> 213.33333 | N34: =M34/1000 -> 0.21333333 | O34: BBS
A35: 30 | B35: Raft Foundation | C35: STR-005 | D35: Raft - additional bottom reinforcement | E35: 2003 | F35: 20 | G35: 1 | H35: 40 | I35: =G35*H35 -> 40 | J35: =5000/1000 -> 5 | K35: =I35*J35 -> 200 | L35: =F35^2/162 -> 2.4691358 | M35: =K35*L35 -> 493.82716 | N35: =M35/1000 -> 0.49382716 | O35: BBS
A36: 31 | B36: Raft Foundation | C36: STR-005 | D36: Raft - additional bottom reinforcement | E36: 2004 | F36: 20 | G36: 1 | H36: 34 | I36: =G36*H36 -> 34 | J36: =4100/1000 -> 4.1 | K36: =I36*J36 -> 139.4 | L36: =F36^2/162 -> 2.4691358 | M36: =K36*L36 -> 344.19753 | N36: =M36/1000 -> 0.34419753 | O36: BBS
A37: 32 | B37: Raft Foundation | C37: STR-005 | D37: Raft - additional bottom reinforcement | E37: 2005 | F37: 20 | G37: 1 | H37: 76 | I37: =G37*H37 -> 76 | J37: =6000/1000 -> 6 | K37: =I37*J37 -> 456 | L37: =F37^2/162 -> 2.4691358 | M37: =K37*L37 -> 1125.9259 | N37: =M37/1000 -> 1.1259259 | O37: BBS
A38: 33 | B38: Raft Foundation | C38: STR-005 | D38: Raft - additional bottom reinforcement | E38: 2006 | F38: 20 | G38: 1 | H38: 19 | I38: =G38*H38 -> 19 | J38: =3350/1000 -> 3.35 | K38: =I38*J38 -> 63.65 | L38: =F38^2/162 -> 2.4691358 | M38: =K38*L38 -> 157.16049 | N38: =M38/1000 -> 0.15716049 | O38: BBS
A39: 34 | B39: Raft Foundation | C39: STR-005 | D39: Raft - additional bottom reinforcement | E39: 2501 | F39: 25 | G39: 1 | H39: 80 | I39: =G39*H39 -> 80 | J39: =5000/1000 -> 5 | K39: =I39*J39 -> 400 | L39: =F39^2/162 -> 3.8580247 | M39: =K39*L39 -> 1543.2099 | N39: =M39/1000 -> 1.5432099 | O39: BBS
A40: 35 | B40: Raft Foundation | C40: STR-005 | D40: Raft - additional bottom reinforcement | E40: 2502 | F40: 25 | G40: 1 | H40: 67 | I40: =G40*H40 -> 67 | J40: =6650/1000 -> 6.65 | K40: =I40*J40 -> 445.55 | L40: =F40^2/162 -> 3.8580247 | M40: =K40*L40 -> 1718.9429 | N40: =M40/1000 -> 1.7189429 | O40: BBS
A41: 36 | B41: Raft Foundation | C41: STR-005 | D41: Raft - additional bottom reinforcement | E41: 2503 | F41: 25 | G41: 1 | H41: 111 | I41: =G41*H41 -> 111 | J41: =4100/1000 -> 4.1 | K41: =I41*J41 -> 455.1 | L41: =F41^2/162 -> 3.8580247 | M41: =K41*L41 -> 1755.787 | N41: =M41/1000 -> 1.755787 | O41: BBS
A42: 37 | B42: Raft Foundation | C42: STR-005 | D42: Raft - additional bottom reinforcement | E42: 2504 | F42: 25 | G42: 1 | H42: 67 | I42: =G42*H42 -> 67 | J42: =7575/1000 -> 7.575 | K42: =I42*J42 -> 507.525 | L42: =F42^2/162 -> 3.8580247 | M42: =K42*L42 -> 1958.044 | N42: =M42/1000 -> 1.958044 | O42: BBS
A43: 38 | B43: Raft Foundation | C43: STR-005 | D43: Raft - additional bottom reinforcement | E43: 2505 | F43: 25 | G43: 1 | H43: 30 | I43: =G43*H43 -> 30 | J43: =6000/1000 -> 6 | K43: =I43*J43 -> 180 | L43: =F43^2/162 -> 3.8580247 | M43: =K43*L43 -> 694.44444 | N43: =M43/1000 -> 0.69444444 | O43: BBS
A44: 39 | B44: Raft Foundation | C44: STR-005 | D44: Raft - additional bottom reinforcement | E44: 2506 | F44: 25 | G44: 1 | H44: 50 | I44: =G44*H44 -> 50 | J44: =6100/1000 -> 6.1 | K44: =I44*J44 -> 305 | L44: =F44^2/162 -> 3.8580247 | M44: =K44*L44 -> 1176.6975 | N44: =M44/1000 -> 1.1766975 | O44: BBS
A45: 40 | B45: Raft Foundation | C45: STR-005 | D45: Raft - additional bottom reinforcement | E45: 2507 | F45: 25 | G45: 1 | H45: 25 | I45: =G45*H45 -> 25 | J45: =3250/1000 -> 3.25 | K45: =I45*J45 -> 81.25 | L45: =F45^2/162 -> 3.8580247 | M45: =K45*L45 -> 313.46451 | N45: =M45/1000 -> 0.31346451 | O45: BBS
A46: 41 | B46: Raft Foundation | C46: STR-005 | D46: Raft - additional bottom reinforcement | E46: 2508 | F46: 25 | G46: 1 | H46: 48 | I46: =G46*H46 -> 48 | J46: =5100/1000 -> 5.1 | K46: =I46*J46 -> 244.8 | L46: =F46^2/162 -> 3.8580247 | M46: =K46*L46 -> 944.44444 | N46: =M46/1000 -> 0.94444444 | O46: BBS
A47: 42 | B47: Raft Foundation | C47: STR-005 | D47: Raft - additional bottom reinforcement | E47: 2509 | F47: 25 | G47: 1 | H47: 39 | I47: =G47*H47 -> 39 | J47: =8075/1000 -> 8.075 | K47: =I47*J47 -> 314.925 | L47: =F47^2/162 -> 3.8580247 | M47: =K47*L47 -> 1214.9884 | N47: =M47/1000 -> 1.2149884 | O47: BBS
A48: 43 | B48: Raft Foundation | C48: STR-005 | D48: Raft - additional bottom reinforcement | E48: 2510 | F48: 25 | G48: 1 | H48: 134 | I48: =G48*H48 -> 134 | J48: =3950/1000 -> 3.95 | K48: =I48*J48 -> 529.3 | L48: =F48^2/162 -> 3.8580247 | M48: =K48*L48 -> 2042.0525 | N48: =M48/1000 -> 2.0420525 | O48: BBS
A49: 44 | B49: Raft Foundation | C49: STR-005 | D49: Raft - additional bottom reinforcement | E49: 2511 | F49: 25 | G49: 1 | H49: 63 | I49: =G49*H49 -> 63 | J49: =8000/1000 -> 8 | K49: =I49*J49 -> 504 | L49: =F49^2/162 -> 3.8580247 | M49: =K49*L49 -> 1944.4444 | N49: =M49/1000 -> 1.9444444 | O49: BBS
A50: 45 | B50: Raft Foundation | C50: STR-005 | D50: Raft - additional bottom reinforcement | E50: 2512 | F50: 25 | G50: 1 | H50: 48 | I50: =G50*H50 -> 48 | J50: =5200/1000 -> 5.2 | K50: =I50*J50 -> 249.6 | L50: =F50^2/162 -> 3.8580247 | M50: =K50*L50 -> 962.96296 | N50: =M50/1000 -> 0.96296296 | O50: BBS
A51: 46 | B51: Raft Foundation | C51: STR-005 | D51: Raft - additional bottom reinforcement | E51: 2513 | F51: 25 | G51: 1 | H51: 67 | I51: =G51*H51 -> 67 | J51: =9000/1000 -> 9 | K51: =I51*J51 -> 603 | L51: =F51^2/162 -> 3.8580247 | M51: =K51*L51 -> 2326.3889 | N51: =M51/1000 -> 2.3263889 | O51: BBS
A52: 47 | B52: Raft Foundation | C52: STR-005 | D52: Raft - additional bottom reinforcement | E52: 2514 | F52: 25 | G52: 1 | H52: 67 | I52: =G52*H52 -> 67 | J52: =12000/1000 -> 12 | K52: =I52*J52 -> 804 | L52: =F52^2/162 -> 3.8580247 | M52: =K52*L52 -> 3101.8519 | N52: =M52/1000 -> 3.1018519 | O52: BBS
A53: 48 | B53: Raft Foundation | C53: STR-006 | D53: Raft - top reinforcement | E53: 2501 | F53: 25 | G53: 1 | H53: 156 | I53: =G53*H53 -> 156 | J53: =11050/1000 -> 11.05 | K53: =I53*J53 -> 1723.8 | L53: =F53^2/162 -> 3.8580247 | M53: =K53*L53 -> 6650.463 | N53: =M53/1000 -> 6.650463 | O53: BBS
A54: 49 | B54: Raft Foundation | C54: STR-006 | D54: Raft - top reinforcement | E54: 2502 | F54: 25 | G54: 1 | H54: 72 | I54: =G54*H54 -> 72 | J54: =10625/1000 -> 10.625 | K54: =I54*J54 -> 765 | L54: =F54^2/162 -> 3.8580247 | M54: =K54*L54 -> 2951.3889 | N54: =M54/1000 -> 2.9513889 | O54: BBS
A55: 50 | B55: Raft Foundation | C55: STR-006 | D55: Raft - top reinforcement | E55: 2503 | F55: 25 | G55: 1 | H55: 156 | I55: =G55*H55 -> 156 | J55: =10150/1000 -> 10.15 | K55: =I55*J55 -> 1583.4 | L55: =F55^2/162 -> 3.8580247 | M55: =K55*L55 -> 6108.7963 | N55: =M55/1000 -> 6.1087963 | O55: BBS
A56: 51 | B56: Raft Foundation | C56: STR-006 | D56: Raft - top reinforcement | E56: 2504 | F56: 25 | G56: 1 | H56: 52 | I56: =G56*H56 -> 52 | J56: =4175/1000 -> 4.175 | K56: =I56*J56 -> 217.1 | L56: =F56^2/162 -> 3.8580247 | M56: =K56*L56 -> 837.57716 | N56: =M56/1000 -> 0.83757716 | O56: BBS
A57: 52 | B57: Raft Foundation | C57: STR-006 | D57: Raft - top reinforcement | E57: 2505 | F57: 25 | G57: 1 | H57: 21 | I57: =G57*H57 -> 21 | J57: =9550/1000 -> 9.55 | K57: =I57*J57 -> 200.55 | L57: =F57^2/162 -> 3.8580247 | M57: =K57*L57 -> 773.72685 | N57: =M57/1000 -> 0.77372685 | O57: BBS
A58: 53 | B58: Raft Foundation | C58: STR-006 | D58: Raft - top reinforcement | E58: 2506 | F58: 25 | G58: 1 | H58: 72 | I58: =G58*H58 -> 72 | J58: =3950/1000 -> 3.95 | K58: =I58*J58 -> 284.4 | L58: =F58^2/162 -> 3.8580247 | M58: =K58*L58 -> 1097.2222 | N58: =M58/1000 -> 1.0972222 | O58: BBS
A59: 54 | B59: Raft Foundation | C59: STR-006 | D59: Raft - top reinforcement | E59: 2507 | F59: 25 | G59: 1 | H59: 52 | I59: =G59*H59 -> 52 | J59: =10375/1000 -> 10.375 | K59: =I59*J59 -> 539.5 | L59: =F59^2/162 -> 3.8580247 | M59: =K59*L59 -> 2081.4043 | N59: =M59/1000 -> 2.0814043 | O59: BBS
A60: 55 | B60: Raft Foundation | C60: STR-006 | D60: Raft - top reinforcement | E60: 2508 | F60: 25 | G60: 1 | H60: 157 | I60: =G60*H60 -> 157 | J60: =5400/1000 -> 5.4 | K60: =I60*J60 -> 847.8 | L60: =F60^2/162 -> 3.8580247 | M60: =K60*L60 -> 3270.8333 | N60: =M60/1000 -> 3.2708333 | O60: BBS
A61: 56 | B61: Raft Foundation | C61: STR-006 | D61: Raft - top reinforcement | E61: 2509 | F61: 25 | G61: 1 | H61: 20 | I61: =G61*H61 -> 20 | J61: =7000/1000 -> 7 | K61: =I61*J61 -> 140 | L61: =F61^2/162 -> 3.8580247 | M61: =K61*L61 -> 540.12346 | N61: =M61/1000 -> 0.54012346 | O61: BBS
A62: 57 | B62: Raft Foundation | C62: STR-006 | D62: Raft - top reinforcement | E62: 2510 | F62: 25 | G62: 1 | H62: 21 | I62: =G62*H62 -> 21 | J62: =7750/1000 -> 7.75 | K62: =I62*J62 -> 162.75 | L62: =F62^2/162 -> 3.8580247 | M62: =K62*L62 -> 627.89352 | N62: =M62/1000 -> 0.62789352 | O62: BBS
A63: 58 | B63: Raft Foundation | C63: STR-006 | D63: Raft - top reinforcement | E63: 2511 | F63: 25 | G63: 1 | H63: 209 | I63: =G63*H63 -> 209 | J63: =10100/1000 -> 10.1 | K63: =I63*J63 -> 2110.9 | L63: =F63^2/162 -> 3.8580247 | M63: =K63*L63 -> 8143.9043 | N63: =M63/1000 -> 8.1439043 | O63: BBS
A64: 59 | B64: Raft Foundation | C64: STR-006 | D64: Raft - top reinforcement | E64: 2512 | F64: 25 | G64: 1 | H64: 49 | I64: =G64*H64 -> 49 | J64: =6036/1000 -> 6.036 | K64: =I64*J64 -> 295.764 | L64: =F64^2/162 -> 3.8580247 | M64: =K64*L64 -> 1141.0648 | N64: =M64/1000 -> 1.1410648 | O64: BBS
A65: 60 | B65: Raft Foundation | C65: STR-006 | D65: Raft - top reinforcement | E65: 2513 | F65: 25 | G65: 1 | H65: 124 | I65: =G65*H65 -> 124 | J65: =9750/1000 -> 9.75 | K65: =I65*J65 -> 1209 | L65: =F65^2/162 -> 3.8580247 | M65: =K65*L65 -> 4664.3519 | N65: =M65/1000 -> 4.6643519 | O65: BBS
A66: 61 | B66: Raft Foundation | C66: STR-006 | D66: Raft - top reinforcement | E66: 2514 | F66: 25 | G66: 1 | H66: 49 | I66: =G66*H66 -> 49 | J66: =8425/1000 -> 8.425 | K66: =I66*J66 -> 412.825 | L66: =F66^2/162 -> 3.8580247 | M66: =K66*L66 -> 1592.689 | N66: =M66/1000 -> 1.592689 | O66: BBS
A67: 62 | B67: Raft Foundation | C67: STR-006 | D67: Raft - top reinforcement | E67: 2515 | F67: 25 | G67: 1 | H67: 49 | I67: =G67*H67 -> 49 | J67: =8400/1000 -> 8.4 | K67: =I67*J67 -> 411.6 | L67: =F67^2/162 -> 3.8580247 | M67: =K67*L67 -> 1587.963 | N67: =M67/1000 -> 1.587963 | O67: BBS
A68: 63 | B68: Raft Foundation | C68: STR-006 | D68: Raft - top reinforcement | E68: 2516 | F68: 25 | G68: 1 | H68: 124 | I68: =G68*H68 -> 124 | J68: =12000/1000 -> 12 | K68: =I68*J68 -> 1488 | L68: =F68^2/162 -> 3.8580247 | M68: =K68*L68 -> 5740.7407 | N68: =M68/1000 -> 5.7407407 | O68: BBS
A69: 64 | B69: Raft Foundation | C69: STR-006 | D69: Raft - top reinforcement | E69: 2517 | F69: 25 | G69: 1 | H69: 49 | I69: =G69*H69 -> 49 | J69: =9000/1000 -> 9 | K69: =I69*J69 -> 441 | L69: =F69^2/162 -> 3.8580247 | M69: =K69*L69 -> 1701.3889 | N69: =M69/1000 -> 1.7013889 | O69: BBS
A70: 65 | B70: Raft Foundation | C70: STR-006 | D70: Raft - top reinforcement | E70: 2518 | F70: 25 | G70: 1 | H70: 27 | I70: =G70*H70 -> 27 | J70: =10950/1000 -> 10.95 | K70: =I70*J70 -> 295.65 | L70: =F70^2/162 -> 3.8580247 | M70: =K70*L70 -> 1140.625 | N70: =M70/1000 -> 1.140625 | O70: BBS
A71: 66 | B71: Raft Foundation | C71: STR-006 | D71: Raft - top reinforcement | E71: 2519 | F71: 25 | G71: 1 | H71: 124 | I71: =G71*H71 -> 124 | J71: =9175/1000 -> 9.175 | K71: =I71*J71 -> 1137.7 | L71: =F71^2/162 -> 3.8580247 | M71: =K71*L71 -> 4389.2747 | N71: =M71/1000 -> 4.3892747 | O71: BBS
A72: 67 | B72: Raft Foundation | C72: STR-006 | D72: Raft - top reinforcement | E72: 2520 | F72: 25 | G72: 1 | H72: 49 | I72: =G72*H72 -> 49 | J72: =6925/1000 -> 6.925 | K72: =I72*J72 -> 339.325 | L72: =F72^2/162 -> 3.8580247 | M72: =K72*L72 -> 1309.1242 | N72: =M72/1000 -> 1.3091242 | O72: BBS
A73: 68 | B73: Raft Foundation | C73: STR-006 | D73: Raft - top reinforcement | E73: 2521 | F73: 25 | G73: 1 | H73: 33 | I73: =G73*H73 -> 33 | J73: =9575/1000 -> 9.575 | K73: =I73*J73 -> 315.975 | L73: =F73^2/162 -> 3.8580247 | M73: =K73*L73 -> 1219.0394 | N73: =M73/1000 -> 1.2190394 | O73: BBS
A74: 69 | B74: Raft Foundation | C74: STR-006 | D74: Raft - top reinforcement | E74: 2522 | F74: 25 | G74: 1 | H74: 140 | I74: =G74*H74 -> 140 | J74: =8725/1000 -> 8.725 | K74: =I74*J74 -> 1221.5 | L74: =F74^2/162 -> 3.8580247 | M74: =K74*L74 -> 4712.5772 | N74: =M74/1000 -> 4.7125772 | O74: BBS
A75: 70 | B75: Raft Foundation | C75: STR-006 | D75: Raft - top reinforcement | E75: 2523 | F75: 25 | G75: 1 | H75: 27 | I75: =G75*H75 -> 27 | J75: =11975/1000 -> 11.975 | K75: =I75*J75 -> 323.325 | L75: =F75^2/162 -> 3.8580247 | M75: =K75*L75 -> 1247.3958 | N75: =M75/1000 -> 1.2473958 | O75: BBS
A76: 71 | B76: Raft Foundation | C76: STR-006 | D76: Raft - top reinforcement | E76: 2524 | F76: 25 | G76: 1 | H76: 176 | I76: =G76*H76 -> 176 | J76: =7625/1000 -> 7.625 | K76: =I76*J76 -> 1342 | L76: =F76^2/162 -> 3.8580247 | M76: =K76*L76 -> 5177.4691 | N76: =M76/1000 -> 5.1774691 | O76: BBS
A77: 72 | B77: Columns | C77: STR-007 | D77: COL-01A (5 nos) Foundation to GF - links | E77: 1001 | F77: 10 | G77: 5 | H77: 23 | I77: =G77*H77 -> 115 | J77: =2330/1000 -> 2.33 | K77: =I77*J77 -> 267.95 | L77: =F77^2/162 -> 0.61728395 | M77: =K77*L77 -> 165.40123 | N77: =M77/1000 -> 0.16540123 | O77: Elevation + BBS length
A78: 73 | B78: Columns | C78: STR-007 | D78: COL-01A (5 nos) Foundation to GF - links | E78: 1002 | F78: 10 | G78: 5 | H78: 46 | I78: =G78*H78 -> 230 | J78: =1330/1000 -> 1.33 | K78: =I78*J78 -> 305.9 | L78: =F78^2/162 -> 0.61728395 | M78: =K78*L78 -> 188.82716 | N78: =M78/1000 -> 0.18882716 | O78: Elevation + BBS length
A79: 74 | B79: Columns | C79: STR-007 | D79: COL-01A (5 nos) Foundation to GF - links | E79: 1003 | F79: 10 | G79: 5 | H79: 23 | I79: =G79*H79 -> 115 | J79: =1830/1000 -> 1.83 | K79: =I79*J79 -> 210.45 | L79: =F79^2/162 -> 0.61728395 | M79: =K79*L79 -> 129.90741 | N79: =M79/1000 -> 0.12990741 | O79: Elevation + BBS length
A80: 75 | B80: Columns | C80: STR-007 | D80: COL-01A (5 nos) Foundation to GF - main bars | E80: 2501 | F80: 25 | G80: 5 | H80: 16 | I80: =G80*H80 -> 80 | J80: =2850/1000 -> 2.85 | K80: =I80*J80 -> 228 | L80: =F80^2/162 -> 3.8580247 | M80: =K80*L80 -> 879.62963 | N80: =M80/1000 -> 0.87962963 | O80: Elevation + BBS length
A81: 76 | B81: Columns | C81: STR-007 | D81: COL-01B (1 nos) Foundation to GF - links | E81: 1001 | F81: 10 | G81: 1 | H81: 23 | I81: =G81*H81 -> 23 | J81: =2330/1000 -> 2.33 | K81: =I81*J81 -> 53.59 | L81: =F81^2/162 -> 0.61728395 | M81: =K81*L81 -> 33.080247 | N81: =M81/1000 -> 0.033080247 | O81: Elevation + BBS length
A82: 77 | B82: Columns | C82: STR-007 | D82: COL-01B (1 nos) Foundation to GF - links | E82: 1002 | F82: 10 | G82: 1 | H82: 46 | I82: =G82*H82 -> 46 | J82: =1330/1000 -> 1.33 | K82: =I82*J82 -> 61.18 | L82: =F82^2/162 -> 0.61728395 | M82: =K82*L82 -> 37.765432 | N82: =M82/1000 -> 0.037765432 | O82: Elevation + BBS length
A83: 78 | B83: Columns | C83: STR-007 | D83: COL-01B (1 nos) Foundation to GF - links | E83: 1003 | F83: 10 | G83: 1 | H83: 23 | I83: =G83*H83 -> 23 | J83: =1830/1000 -> 1.83 | K83: =I83*J83 -> 42.09 | L83: =F83^2/162 -> 0.61728395 | M83: =K83*L83 -> 25.981481 | N83: =M83/1000 -> 0.025981481 | O83: Elevation + BBS length
A84: 79 | B84: Columns | C84: STR-007 | D84: COL-01B (1 nos) Foundation to GF - main bars | E84: 2501 | F84: 25 | G84: 1 | H84: 16 | I84: =G84*H84 -> 16 | J84: =2850/1000 -> 2.85 | K84: =I84*J84 -> 45.6 | L84: =F84^2/162 -> 3.8580247 | M84: =K84*L84 -> 175.92593 | N84: =M84/1000 -> 0.17592593 | O84: Elevation + BBS length
A85: 80 | B85: Columns | C85: STR-008 | D85: COL-01C (2 nos) Foundation to GF - links | E85: 1001 | F85: 10 | G85: 2 | H85: 23 | I85: =G85*H85 -> 46 | J85: =2330/1000 -> 2.33 | K85: =I85*J85 -> 107.18 | L85: =F85^2/162 -> 0.61728395 | M85: =K85*L85 -> 66.160494 | N85: =M85/1000 -> 0.066160494 | O85: Elevation + BBS length
A86: 81 | B86: Columns | C86: STR-008 | D86: COL-01C (2 nos) Foundation to GF - links | E86: 1002 | F86: 10 | G86: 2 | H86: 46 | I86: =G86*H86 -> 92 | J86: =1330/1000 -> 1.33 | K86: =I86*J86 -> 122.36 | L86: =F86^2/162 -> 0.61728395 | M86: =K86*L86 -> 75.530864 | N86: =M86/1000 -> 0.075530864 | O86: Elevation + BBS length
A87: 82 | B87: Columns | C87: STR-008 | D87: COL-01C (2 nos) Foundation to GF - links | E87: 1003 | F87: 10 | G87: 2 | H87: 23 | I87: =G87*H87 -> 46 | J87: =1830/1000 -> 1.83 | K87: =I87*J87 -> 84.18 | L87: =F87^2/162 -> 0.61728395 | M87: =K87*L87 -> 51.962963 | N87: =M87/1000 -> 0.051962963 | O87: Elevation + BBS length
A88: 83 | B88: Columns | C88: STR-008 | D88: COL-01C (2 nos) Foundation to GF - main bars | E88: 2501 | F88: 25 | G88: 2 | H88: 16 | I88: =G88*H88 -> 32 | J88: =2850/1000 -> 2.85 | K88: =I88*J88 -> 91.2 | L88: =F88^2/162 -> 3.8580247 | M88: =K88*L88 -> 351.85185 | N88: =M88/1000 -> 0.35185185 | O88: Elevation + BBS length
A89: 84 | B89: Columns | C89: STR-008 | D89: COL-01D (1 nos) Foundation to GF - links | E89: 1001 | F89: 10 | G89: 1 | H89: 19 | I89: =G89*H89 -> 19 | J89: =2330/1000 -> 2.33 | K89: =I89*J89 -> 44.27 | L89: =F89^2/162 -> 0.61728395 | M89: =K89*L89 -> 27.32716 | N89: =M89/1000 -> 0.02732716 | O89: Elevation + BBS length
A90: 85 | B90: Columns | C90: STR-008 | D90: COL-01D (1 nos) Foundation to GF - links | E90: 1002 | F90: 10 | G90: 1 | H90: 38 | I90: =G90*H90 -> 38 | J90: =1330/1000 -> 1.33 | K90: =I90*J90 -> 50.54 | L90: =F90^2/162 -> 0.61728395 | M90: =K90*L90 -> 31.197531 | N90: =M90/1000 -> 0.031197531 | O90: Elevation + BBS length
A91: 86 | B91: Columns | C91: STR-008 | D91: COL-01D (1 nos) Foundation to GF - links | E91: 1003 | F91: 10 | G91: 1 | H91: 19 | I91: =G91*H91 -> 19 | J91: =1830/1000 -> 1.83 | K91: =I91*J91 -> 34.77 | L91: =F91^2/162 -> 0.61728395 | M91: =K91*L91 -> 21.462963 | N91: =M91/1000 -> 0.021462963 | O91: Elevation + BBS length
A92: 87 | B92: Columns | C92: STR-008 | D92: COL-01D (1 nos) Foundation to GF - main bars | E92: 2501 | F92: 25 | G92: 1 | H92: 16 | I92: =G92*H92 -> 16 | J92: =2850/1000 -> 2.85 | K92: =I92*J92 -> 45.6 | L92: =F92^2/162 -> 3.8580247 | M92: =K92*L92 -> 175.92593 | N92: =M92/1000 -> 0.17592593 | O92: Elevation + BBS length
A93: 88 | B93: Columns | C93: STR-010 | D93: COL-02A (3 nos) Foundation to GF - links | E93: 1004 | F93: 10 | G93: 3 | H93: 23 | I93: =G93*H93 -> 69 | J93: =2910/1000 -> 2.91 | K93: =I93*J93 -> 200.79 | L93: =F93^2/162 -> 0.61728395 | M93: =K93*L93 -> 123.94444 | N93: =M93/1000 -> 0.12394444 | O93: Elevation + BBS length
A94: 89 | B94: Columns | C94: STR-010 | D94: COL-02A (3 nos) Foundation to GF - links | E94: 1005 | F94: 10 | G94: 3 | H94: =5*23 -> 115 | I94: =G94*H94 -> 345 | J94: =1008/1000 -> 1.008 | K94: =I94*J94 -> 347.76 | L94: =F94^2/162 -> 0.61728395 | M94: =K94*L94 -> 214.66667 | N94: =M94/1000 -> 0.21466667 | O94: Elevation + BBS length
A95: 90 | B95: Columns | C95: STR-010 | D95: COL-02A (3 nos) Foundation to GF - main bars | E95: 2501 | F95: 25 | G95: 3 | H95: 18 | I95: =G95*H95 -> 54 | J95: =2850/1000 -> 2.85 | K95: =I95*J95 -> 153.9 | L95: =F95^2/162 -> 3.8580247 | M95: =K95*L95 -> 593.75 | N95: =M95/1000 -> 0.59375 | O95: Elevation + BBS length
A96: 91 | B96: Columns | C96: STR-010 | D96: COL-02B (6 nos) Foundation to GF - links | E96: 1004 | F96: 10 | G96: 6 | H96: 23 | I96: =G96*H96 -> 138 | J96: =2910/1000 -> 2.91 | K96: =I96*J96 -> 401.58 | L96: =F96^2/162 -> 0.61728395 | M96: =K96*L96 -> 247.88889 | N96: =M96/1000 -> 0.24788889 | O96: Elevation + BBS length
A97: 92 | B97: Columns | C97: STR-010 | D97: COL-02B (6 nos) Foundation to GF - links | E97: 1005 | F97: 10 | G97: 6 | H97: =5*23 -> 115 | I97: =G97*H97 -> 690 | J97: =1008/1000 -> 1.008 | K97: =I97*J97 -> 695.52 | L97: =F97^2/162 -> 0.61728395 | M97: =K97*L97 -> 429.33333 | N97: =M97/1000 -> 0.42933333 | O97: Elevation + BBS length
A98: 93 | B98: Columns | C98: STR-010 | D98: COL-02B (6 nos) Foundation to GF - main bars | E98: 2501 | F98: 25 | G98: 6 | H98: 18 | I98: =G98*H98 -> 108 | J98: =2850/1000 -> 2.85 | K98: =I98*J98 -> 307.8 | L98: =F98^2/162 -> 3.8580247 | M98: =K98*L98 -> 1187.5 | N98: =M98/1000 -> 1.1875 | O98: Elevation + BBS length
A99: 94 | B99: Columns | C99: STR-011 | D99: COL-02C (1 nos) Foundation to GF - links | E99: 1004 | F99: 10 | G99: 1 | H99: 23 | I99: =G99*H99 -> 23 | J99: =2910/1000 -> 2.91 | K99: =I99*J99 -> 66.93 | L99: =F99^2/162 -> 0.61728395 | M99: =K99*L99 -> 41.314815 | N99: =M99/1000 -> 0.041314815 | O99: Elevation + BBS length
A100: 95 | B100: Columns | C100: STR-011 | D100: COL-02C (1 nos) Foundation to GF - links | E100: 1005 | F100: 10 | G100: 1 | H100: =3*23 -> 69 | I100: =G100*H100 -> 69 | J100: =1008/1000 -> 1.008 | K100: =I100*J100 -> 69.552 | L100: =F100^2/162 -> 0.61728395 | M100: =K100*L100 -> 42.933333 | N100: =M100/1000 -> 0.042933333 | O100: Elevation + BBS length
A101: 96 | B101: Columns | C101: STR-011 | D101: COL-02C (1 nos) Foundation to GF - main bars | E101: 2501 | F101: 25 | G101: 1 | H101: 18 | I101: =G101*H101 -> 18 | J101: =2850/1000 -> 2.85 | K101: =I101*J101 -> 51.3 | L101: =F101^2/162 -> 3.8580247 | M101: =K101*L101 -> 197.91667 | N101: =M101/1000 -> 0.19791667 | O101: Elevation + BBS length
...

Sheet F01 Ground Floor
A1: REINFORCEMENT TAKE-OFF - GROUND FLOOR (+300) - ELEMENTS RISING TO NEXT LEVEL
A2: Proposed Kaneshie Block N Redevelopment
A3: Calculation per line: Total bars = members x bars/member; Total length = bars x cut length; kg = length x d^2/162; t = kg/1000
A5: Item | B5: Element | C5: Drawing | D5: Description / location | E5: Bar mark | F5: Dia (mm) | G5: No. of members | H5: No. of bars per member | I5: Total no. of bars | J5: Cut length per bar (m) | K5: Total length (m) | L5: Unit mass (kg/m) | M5: Weight (kg) | N5: Weight (t) | O5: Source
A6: 1 | B6: Columns | C6: STR-007 | D6: COL-01A (5 nos) GF to next level - links | E6: 1001 | F6: 10 | G6: 5 | H6: 32 | I6: =G6*H6 -> 160 | J6: =2330/1000 -> 2.33 | K6: =I6*J6 -> 372.8 | L6: =F6^2/162 -> 0.61728395 | M6: =K6*L6 -> 230.12346 | N6: =M6/1000 -> 0.23012346 | O6: Elevation + BBS length
A7: 2 | B7: Columns | C7: STR-007 | D7: COL-01A (5 nos) GF to next level - links | E7: 1002 | F7: 10 | G7: 5 | H7: 64 | I7: =G7*H7 -> 320 | J7: =1330/1000 -> 1.33 | K7: =I7*J7 -> 425.6 | L7: =F7^2/162 -> 0.61728395 | M7: =K7*L7 -> 262.71605 | N7: =M7/1000 -> 0.26271605 | O7: Elevation + BBS length
A8: 3 | B8: Columns | C8: STR-007 | D8: COL-01A (5 nos) GF to next level - links | E8: 1003 | F8: 10 | G8: 5 | H8: 32 | I8: =G8*H8 -> 160 | J8: =1830/1000 -> 1.83 | K8: =I8*J8 -> 292.8 | L8: =F8^2/162 -> 0.61728395 | M8: =K8*L8 -> 180.74074 | N8: =M8/1000 -> 0.18074074 | O8: Elevation + BBS length
A9: 4 | B9: Columns | C9: STR-007 | D9: COL-01A (5 nos) GF to next level - main bars | E9: 2502 | F9: 25 | G9: 5 | H9: 16 | I9: =G9*H9 -> 80 | J9: =5050/1000 -> 5.05 | K9: =I9*J9 -> 404 | L9: =F9^2/162 -> 3.8580247 | M9: =K9*L9 -> 1558.642 | N9: =M9/1000 -> 1.558642 | O9: Elevation + BBS length
A10: 5 | B10: Columns | C10: STR-007 | D10: COL-01B (1 nos) GF to next level - links | E10: 1001 | F10: 10 | G10: 1 | H10: 32 | I10: =G10*H10 -> 32 | J10: =2330/1000 -> 2.33 | K10: =I10*J10 -> 74.56 | L10: =F10^2/162 -> 0.61728395 | M10: =K10*L10 -> 46.024691 | N10: =M10/1000 -> 0.046024691 | O10: Elevation + BBS length
A11: 6 | B11: Columns | C11: STR-007 | D11: COL-01B (1 nos) GF to next level - links | E11: 1002 | F11: 10 | G11: 1 | H11: 64 | I11: =G11*H11 -> 64 | J11: =1330/1000 -> 1.33 | K11: =I11*J11 -> 85.12 | L11: =F11^2/162 -> 0.61728395 | M11: =K11*L11 -> 52.54321 | N11: =M11/1000 -> 0.05254321 | O11: Elevation + BBS length
A12: 7 | B12: Columns | C12: STR-007 | D12: COL-01B (1 nos) GF to next level - links | E12: 1003 | F12: 10 | G12: 1 | H12: 32 | I12: =G12*H12 -> 32 | J12: =1830/1000 -> 1.83 | K12: =I12*J12 -> 58.56 | L12: =F12^2/162 -> 0.61728395 | M12: =K12*L12 -> 36.148148 | N12: =M12/1000 -> 0.036148148 | O12: Elevation + BBS length
A13: 8 | B13: Columns | C13: STR-007 | D13: COL-01B (1 nos) GF to next level - main bars | E13: 2502 | F13: 25 | G13: 1 | H13: 16 | I13: =G13*H13 -> 16 | J13: =5050/1000 -> 5.05 | K13: =I13*J13 -> 80.8 | L13: =F13^2/162 -> 3.8580247 | M13: =K13*L13 -> 311.7284 | N13: =M13/1000 -> 0.3117284 | O13: Elevation + BBS length
A14: 9 | B14: Columns | C14: STR-008 | D14: COL-01C (2 nos) GF to next level - links | E14: 1001 | F14: 10 | G14: 2 | H14: 32 | I14: =G14*H14 -> 64 | J14: =2330/1000 -> 2.33 | K14: =I14*J14 -> 149.12 | L14: =F14^2/162 -> 0.61728395 | M14: =K14*L14 -> 92.049383 | N14: =M14/1000 -> 0.092049383 | O14: Elevation + BBS length
A15: 10 | B15: Columns | C15: STR-008 | D15: COL-01C (2 nos) GF to next level - links | E15: 1002 | F15: 10 | G15: 2 | H15: 64 | I15: =G15*H15 -> 128 | J15: =1330/1000 -> 1.33 | K15: =I15*J15 -> 170.24 | L15: =F15^2/162 -> 0.61728395 | M15: =K15*L15 -> 105.08642 | N15: =M15/1000 -> 0.10508642 | O15: Elevation + BBS length
A16: 11 | B16: Columns | C16: STR-008 | D16: COL-01C (2 nos) GF to next level - links | E16: 1003 | F16: 10 | G16: 2 | H16: 32 | I16: =G16*H16 -> 64 | J16: =1830/1000 -> 1.83 | K16: =I16*J16 -> 117.12 | L16: =F16^2/162 -> 0.61728395 | M16: =K16*L16 -> 72.296296 | N16: =M16/1000 -> 0.072296296 | O16: Elevation + BBS length
A17: 12 | B17: Columns | C17: STR-008 | D17: COL-01C (2 nos) GF to next level - main bars | E17: 2502 | F17: 25 | G17: 2 | H17: 16 | I17: =G17*H17 -> 32 | J17: =5050/1000 -> 5.05 | K17: =I17*J17 -> 161.6 | L17: =F17^2/162 -> 3.8580247 | M17: =K17*L17 -> 623.45679 | N17: =M17/1000 -> 0.62345679 | O17: Elevation + BBS length
A18: 13 | B18: Columns | C18: STR-008 | D18: COL-01D (1 nos) GF to next level - links | E18: 1001 | F18: 10 | G18: 1 | H18: 22 | I18: =G18*H18 -> 22 | J18: =2330/1000 -> 2.33 | K18: =I18*J18 -> 51.26 | L18: =F18^2/162 -> 0.61728395 | M18: =K18*L18 -> 31.641975 | N18: =M18/1000 -> 0.031641975 | O18: Elevation + BBS length
A19: 14 | B19: Columns | C19: STR-008 | D19: COL-01D (1 nos) GF to next level - links | E19: 1002 | F19: 10 | G19: 1 | H19: 44 | I19: =G19*H19 -> 44 | J19: =1330/1000 -> 1.33 | K19: =I19*J19 -> 58.52 | L19: =F19^2/162 -> 0.61728395 | M19: =K19*L19 -> 36.123457 | N19: =M19/1000 -> 0.036123457 | O19: Elevation + BBS length
A20: 15 | B20: Columns | C20: STR-008 | D20: COL-01D (1 nos) GF to next level - links | E20: 1003 | F20: 10 | G20: 1 | H20: 22 | I20: =G20*H20 -> 22 | J20: =1830/1000 -> 1.83 | K20: =I20*J20 -> 40.26 | L20: =F20^2/162 -> 0.61728395 | M20: =K20*L20 -> 24.851852 | N20: =M20/1000 -> 0.024851852 | O20: Elevation + BBS length
A21: 16 | B21: Columns | C21: STR-008 | D21: COL-01D (1 nos) GF to next level - main bars | E21: 2505 | F21: 25 | G21: 1 | H21: 16 | I21: =G21*H21 -> 16 | J21: =3700/1000 -> 3.7 | K21: =I21*J21 -> 59.2 | L21: =F21^2/162 -> 3.8580247 | M21: =K21*L21 -> 228.39506 | N21: =M21/1000 -> 0.22839506 | O21: Elevation + BBS length
A22: 17 | B22: Columns | C22: STR-010 | D22: COL-02A (3 nos) GF to next level - links | E22: 1004 | F22: 10 | G22: 3 | H22: 32 | I22: =G22*H22 -> 96 | J22: =2910/1000 -> 2.91 | K22: =I22*J22 -> 279.36 | L22: =F22^2/162 -> 0.61728395 | M22: =K22*L22 -> 172.44444 | N22: =M22/1000 -> 0.17244444 | O22: Elevation + BBS length
A23: 18 | B23: Columns | C23: STR-010 | D23: COL-02A (3 nos) GF to next level - links | E23: 1005 | F23: 10 | G23: 3 | H23: =5*32 -> 160 | I23: =G23*H23 -> 480 | J23: =1008/1000 -> 1.008 | K23: =I23*J23 -> 483.84 | L23: =F23^2/162 -> 0.61728395 | M23: =K23*L23 -> 298.66667 | N23: =M23/1000 -> 0.29866667 | O23: Elevation + BBS length
A24: 19 | B24: Columns | C24: STR-010 | D24: COL-02A (3 nos) GF to next level - main bars | E24: 2502 | F24: 25 | G24: 3 | H24: 18 | I24: =G24*H24 -> 54 | J24: =5050/1000 -> 5.05 | K24: =I24*J24 -> 272.7 | L24: =F24^2/162 -> 3.8580247 | M24: =K24*L24 -> 1052.0833 | N24: =M24/1000 -> 1.0520833 | O24: Elevation + BBS length
A25: 20 | B25: Columns | C25: STR-010 | D25: COL-02B (6 nos) GF to next level - links | E25: 1004 | F25: 10 | G25: 6 | H25: 32 | I25: =G25*H25 -> 192 | J25: =2910/1000 -> 2.91 | K25: =I25*J25 -> 558.72 | L25: =F25^2/162 -> 0.61728395 | M25: =K25*L25 -> 344.88889 | N25: =M25/1000 -> 0.34488889 | O25: Elevation + BBS length
A26: 21 | B26: Columns | C26: STR-010 | D26: COL-02B (6 nos) GF to next level - links | E26: 1005 | F26: 10 | G26: 6 | H26: =5*32 -> 160 | I26: =G26*H26 -> 960 | J26: =1008/1000 -> 1.008 | K26: =I26*J26 -> 967.68 | L26: =F26^2/162 -> 0.61728395 | M26: =K26*L26 -> 597.33333 | N26: =M26/1000 -> 0.59733333 | O26: Elevation + BBS length
A27: 22 | B27: Columns | C27: STR-010 | D27: COL-02B (6 nos) GF to next level - main bars | E27: 2502 | F27: 25 | G27: 6 | H27: 18 | I27: =G27*H27 -> 108 | J27: =5050/1000 -> 5.05 | K27: =I27*J27 -> 545.4 | L27: =F27^2/162 -> 3.8580247 | M27: =K27*L27 -> 2104.1667 | N27: =M27/1000 -> 2.1041667 | O27: Elevation + BBS length
A28: 23 | B28: Columns | C28: STR-011 | D28: COL-02C (1 nos) GF to next level - links | E28: 1004 | F28: 10 | G28: 1 | H28: 32 | I28: =G28*H28 -> 32 | J28: =2910/1000 -> 2.91 | K28: =I28*J28 -> 93.12 | L28: =F28^2/162 -> 0.61728395 | M28: =K28*L28 -> 57.481481 | N28: =M28/1000 -> 0.057481481 | O28: Elevation + BBS length
A29: 24 | B29: Columns | C29: STR-011 | D29: COL-02C (1 nos) GF to next level - links | E29: 1005 | F29: 10 | G29: 1 | H29: =3*32 -> 96 | I29: =G29*H29 -> 96 | J29: =1008/1000 -> 1.008 | K29: =I29*J29 -> 96.768 | L29: =F29^2/162 -> 0.61728395 | M29: =K29*L29 -> 59.733333 | N29: =M29/1000 -> 0.059733333 | O29: Elevation + BBS length
A30: 25 | B30: Columns | C30: STR-011 | D30: COL-02C (1 nos) GF to next level - main bars | E30: 2502 | F30: 25 | G30: 1 | H30: 18 | I30: =G30*H30 -> 18 | J30: =5050/1000 -> 5.05 | K30: =I30*J30 -> 90.9 | L30: =F30^2/162 -> 3.8580247 | M30: =K30*L30 -> 350.69444 | N30: =M30/1000 -> 0.35069444 | O30: Elevation + BBS length
A31: 26 | B31: Columns | C31: STR-011 | D31: COL-02D (15 nos) GF to next level - links | E31: 1004 | F31: 10 | G31: 15 | H31: 24 | I31: =G31*H31 -> 360 | J31: =2910/1000 -> 2.91 | K31: =I31*J31 -> 1047.6 | L31: =F31^2/162 -> 0.61728395 | M31: =K31*L31 -> 646.66667 | N31: =M31/1000 -> 0.64666667 | O31: Elevation + BBS length
A32: 27 | B32: Columns | C32: STR-011 | D32: COL-02D (15 nos) GF to next level - links | E32: 1005 | F32: 10 | G32: 15 | H32: =3*24 -> 72 | I32: =G32*H32 -> 1080 | J32: =1008/1000 -> 1.008 | K32: =I32*J32 -> 1088.64 | L32: =F32^2/162 -> 0.61728395 | M32: =K32*L32 -> 672 | N32: =M32/1000 -> 0.672 | O32: Elevation + BBS length
A33: 28 | B33: Columns | C33: STR-011 | D33: COL-02D (15 nos) GF to next level - main bars | E33: 2505 | F33: 25 | G33: 15 | H33: 18 | I33: =G33*H33 -> 270 | J33: =3700/1000 -> 3.7 | K33: =I33*J33 -> 999 | L33: =F33^2/162 -> 3.8580247 | M33: =K33*L33 -> 3854.1667 | N33: =M33/1000 -> 3.8541667 | O33: Elevation + BBS length
A34: 29 | B34: Columns | C34: STR-012 | D34: SWC-01A (1 nos) GF to next level - links | E34: 1001 | F34: 10 | G34: 1 | H34: 32 | I34: =G34*H34 -> 32 | J34: =5930/1000 -> 5.93 | K34: =I34*J34 -> 189.76 | L34: =F34^2/162 -> 0.61728395 | M34: =K34*L34 -> 117.1358 | N34: =M34/1000 -> 0.1171358 | O34: Elevation + BBS length
A35: 30 | B35: Columns | C35: STR-012 | D35: SWC-01A (1 nos) GF to next level - links | E35: 1002 | F35: 10 | G35: 1 | H35: 32 | I35: =G35*H35 -> 32 | J35: =2480/1000 -> 2.48 | K35: =I35*J35 -> 79.36 | L35: =F35^2/162 -> 0.61728395 | M35: =K35*L35 -> 48.987654 | N35: =M35/1000 -> 0.048987654 | O35: Elevation + BBS length
A36: 31 | B36: Columns | C36: STR-012 | D36: SWC-01A (1 nos) GF to next level - links | E36: 1003 | F36: 10 | G36: 1 | H36: =7*32 -> 224 | I36: =G36*H36 -> 224 | J36: =910/1000 -> 0.91 | K36: =I36*J36 -> 203.84 | L36: =F36^2/162 -> 0.61728395 | M36: =K36*L36 -> 125.82716 | N36: =M36/1000 -> 0.12582716 | O36: Elevation + BBS length
A37: 32 | B37: Columns | C37: STR-012 | D37: SWC-01A (1 nos) GF to next level - links | E37: 1004 | F37: 10 | G37: 1 | H37: =4*32 -> 128 | I37: =G37*H37 -> 128 | J37: =770/1000 -> 0.77 | K37: =I37*J37 -> 98.56 | L37: =F37^2/162 -> 0.61728395 | M37: =K37*L37 -> 60.839506 | N37: =M37/1000 -> 0.060839506 | O37: Elevation + BBS length
A38: 33 | B38: Columns | C38: STR-012 | D38: SWC-01A (1 nos) GF to next level - main bars | E38: 2009 | F38: 20 | G38: 1 | H38: 48 | I38: =G38*H38 -> 48 | J38: =5050/1000 -> 5.05 | K38: =I38*J38 -> 242.4 | L38: =F38^2/162 -> 2.4691358 | M38: =K38*L38 -> 598.51852 | N38: =M38/1000 -> 0.59851852 | O38: Elevation + BBS length
A39: 34 | B39: Shear Walls | C39: STR-015/016 | D39: Main core CW-01 (L=3600mm) GF to 1st - horizontal Y12@150 NF/FF | E39: H-Y12 | F39: 12 | G39: 1 | H39: =2*34 -> 68 | I39: =G39*H39 -> 68 | J39: =(3600-2*30+40*12)/1000 -> 4.02 | K39: =I39*J39 -> 273.36 | L39: =F39^2/162 -> 0.88888889 | M39: =K39*L39 -> 242.98667 | N39: =M39/1000 -> 0.24298667 | O39: Elevation count / plan length
A40: 35 | B40: Shear Walls | C40: STR-015/016 | D40: Main core CW-01 GF to 1st - vertical Y25@150 NF/FF | E40: V-Y25 | F40: 25 | G40: 1 | H40: =2*29 -> 58 | I40: =G40*H40 -> 58 | J40: =(3850+40*25)/1000 -> 4.85 | K40: =I40*J40 -> 281.3 | L40: =F40^2/162 -> 3.8580247 | M40: =K40*L40 -> 1085.2623 | N40: =M40/1000 -> 1.0852623 | O40: Elevation / plan
A41: 36 | B41: Shear Walls | C41: STR-015/016 | D41: Main core CW-05 (L=7250mm) GF to 1st - horizontal Y12@150 NF/FF | E41: H-Y12 | F41: 12 | G41: 1 | H41: =2*34 -> 68 | I41: =G41*H41 -> 68 | J41: =(7250-2*30+40*12)/1000 -> 7.67 | K41: =I41*J41 -> 521.56 | L41: =F41^2/162 -> 0.88888889 | M41: =K41*L41 -> 463.60889 | N41: =M41/1000 -> 0.46360889 | O41: Elevation count / plan length
A42: 37 | B42: Shear Walls | C42: STR-015/016 | D42: Main core CW-05 GF to 1st - vertical Y25@150 NF/FF | E42: V-Y25 | F42: 25 | G42: 1 | H42: =2*(ROUNDUP(7250/150,0)+1) -> 100 | I42: =G42*H42 -> 100 | J42: =(3850+40*25)/1000 -> 4.85 | K42: =I42*J42 -> 485 | L42: =F42^2/162 -> 3.8580247 | M42: =K42*L42 -> 1871.142 | N42: =M42/1000 -> 1.871142 | O42: Elevation / plan
A43: 38 | B43: Shear Walls | C43: STR-015/016 | D43: Main core CW-07 (stair section) (L=7250mm) GF to 1st - horizontal Y12@150 NF/FF | E43: H-Y12 | F43: 12 | G43: 1 | H43: =2*34 -> 68 | I43: =G43*H43 -> 68 | J43: =(7250-2*30+40*12)/1000 -> 7.67 | K43: =I43*J43 -> 521.56 | L43: =F43^2/162 -> 0.88888889 | M43: =K43*L43 -> 463.60889 | N43: =M43/1000 -> 0.46360889 | O43: Elevation count / plan length
A44: 39 | B44: Shear Walls | C44: STR-015/016 | D44: Main core CW-07 (stair section) GF to 1st - vertical Y25@150 NF/FF | E44: V-Y25 | F44: 25 | G44: 1 | H44: =2*(ROUNDUP(7250/150,0)+1) -> 100 | I44: =G44*H44 -> 100 | J44: =(3850+40*25)/1000 -> 4.85 | K44: =I44*J44 -> 485 | L44: =F44^2/162 -> 3.8580247 | M44: =K44*L44 -> 1871.142 | N44: =M44/1000 -> 1.871142 | O44: Elevation / plan
A45: 40 | B45: Shear Walls | C45: STR-015/016 | D45: Main core CW-09 (L=1150mm) GF to 1st - horizontal Y12@150 NF/FF | E45: H-Y12 | F45: 12 | G45: 1 | H45: =2*34 -> 68 | I45: =G45*H45 -> 68 | J45: =(1150-2*30+40*12)/1000 -> 1.57 | K45: =I45*J45 -> 106.76 | L45: =F45^2/162 -> 0.88888889 | M45: =K45*L45 -> 94.897778 | N45: =M45/1000 -> 0.094897778 | O45: Elevation count / plan length
A46: 41 | B46: Shear Walls | C46: STR-015/016 | D46: Main core CW-09 GF to 1st - vertical Y25@150 NF/FF | E46: V-Y25 | F46: 25 | G46: 1 | H46: =2*(ROUNDUP(1150/150,0)+1) -> 18 | I46: =G46*H46 -> 18 | J46: =(3850+40*25)/1000 -> 4.85 | K46: =I46*J46 -> 87.3 | L46: =F46^2/162 -> 3.8580247 | M46: =K46*L46 -> 336.80556 | N46: =M46/1000 -> 0.33680556 | O46: Elevation / plan
A47: 42 | B47: Shear Walls | C47: STR-015/016 | D47: Main core CW-10 (L=1150mm) GF to 1st - horizontal Y12@150 NF/FF | E47: H-Y12 | F47: 12 | G47: 1 | H47: =2*34 -> 68 | I47: =G47*H47 -> 68 | J47: =(1150-2*30+40*12)/1000 -> 1.57 | K47: =I47*J47 -> 106.76 | L47: =F47^2/162 -> 0.88888889 | M47: =K47*L47 -> 94.897778 | N47: =M47/1000 -> 0.094897778 | O47: Elevation count / plan length
A48: 43 | B48: Shear Walls | C48: STR-015/016 | D48: Main core CW-10 GF to 1st - vertical Y25@150 NF/FF | E48: V-Y25 | F48: 25 | G48: 1 | H48: =2*(ROUNDUP(1150/150,0)+1) -> 18 | I48: =G48*H48 -> 18 | J48: =(3850+40*25)/1000 -> 4.85 | K48: =I48*J48 -> 87.3 | L48: =F48^2/162 -> 3.8580247 | M48: =K48*L48 -> 336.80556 | N48: =M48/1000 -> 0.33680556 | O48: Elevation / plan
A49: 44 | B49: Shear Walls | C49: STR-015/016 | D49: Main core CW-11 (L=1650mm) GF to 1st - horizontal Y12@150 NF/FF | E49: H-Y12 | F49: 12 | G49: 1 | H49: =2*34 -> 68 | I49: =G49*H49 -> 68 | J49: =(1650-2*30+40*12)/1000 -> 2.07 | K49: =I49*J49 -> 140.76 | L49: =F49^2/162 -> 0.88888889 | M49: =K49*L49 -> 125.12 | N49: =M49/1000 -> 0.12512 | O49: Elevation count / plan length
A50: 45 | B50: Shear Walls | C50: STR-015/016 | D50: Main core CW-11 GF to 1st - vertical Y25@150 NF/FF | E50: V-Y25 | F50: 25 | G50: 1 | H50: =2*(ROUNDUP(1650/150,0)+1) -> 24 | I50: =G50*H50 -> 24 | J50: =(3850+40*25)/1000 -> 4.85 | K50: =I50*J50 -> 116.4 | L50: =F50^2/162 -> 3.8580247 | M50: =K50*L50 -> 449.07407 | N50: =M50/1000 -> 0.44907407 | O50: Elevation / plan
A51: 46 | B51: Shear Walls | C51: STR-015/016 | D51: Main core confinement links Y10@150 (26 positions on plan) GF to 1st | E51: LNK-Y10 | F51: 10 | G51: 1 | H51: =26*ROUNDUP(3850/150,0) -> 676 | I51: =G51*H51 -> 676 | J51: =1800/1000 -> 1.8 | K51: =I51*J51 -> 1216.8 | L51: =F51^2/162 -> 0.61728395 | M51: =K51*L51 -> 751.11111 | N51: =M51/1000 -> 0.75111111 | O51: Assumed link cut length
A52: 47 | B52: Shear Walls | C52: STR-013/014 | D52: Emergency stair core CW-12 (L=7050mm) GF to M1 - horizontal Y12@150 NF/FF | E52: H-Y12 | F52: 12 | G52: 1 | H52: =2*15 -> 30 | I52: =G52*H52 -> 30 | J52: =(7050-2*30+40*12)/1000 -> 7.47 | K52: =I52*J52 -> 224.1 | L52: =F52^2/162 -> 0.88888889 | M52: =K52*L52 -> 199.2 | N52: =M52/1000 -> 0.1992 | O52: Elevation count / plan length
A53: 48 | B53: Shear Walls | C53: STR-013/014 | D53: Emergency stair core CW-12 GF to M1 - vertical Y25@150 NF/FF | E53: V-Y25 | F53: 25 | G53: 1 | H53: =2*(ROUNDUP(7050/150,0)+1) -> 96 | I53: =G53*H53 -> 96 | J53: =(2500+40*25)/1000 -> 3.5 | K53: =I53*J53 -> 336 | L53: =F53^2/162 -> 3.8580247 | M53: =K53*L53 -> 1296.2963 | N53: =M53/1000 -> 1.2962963 | O53: Elevation / plan
A54: 49 | B54: Shear Walls | C54: STR-013/014 | D54: Emergency stair core CW-13 (L=7810mm) GF to M1 - horizontal Y12@150 NF/FF | E54: H-Y12 | F54: 12 | G54: 1 | H54: =2*15 -> 30 | I54: =G54*H54 -> 30 | J54: =(7810-2*30+40*12)/1000 -> 8.23 | K54: =I54*J54 -> 246.9 | L54: =F54^2/162 -> 0.88888889 | M54: =K54*L54 -> 219.46667 | N54: =M54/1000 -> 0.21946667 | O54: Elevation count / plan length
A55: 50 | B55: Shear Walls | C55: STR-013/014 | D55: Emergency stair core CW-13 GF to M1 - vertical Y25@150 NF/FF | E55: V-Y25 | F55: 25 | G55: 1 | H55: =2*52 -> 104 | I55: =G55*H55 -> 104 | J55: =(2500+40*25)/1000 -> 3.5 | K55: =I55*J55 -> 364 | L55: =F55^2/162 -> 3.8580247 | M55: =K55*L55 -> 1404.321 | N55: =M55/1000 -> 1.404321 | O55: Elevation / plan
A56: 51 | B56: Shear Walls | C56: STR-013/014 | D56: Emergency stair core CW-14 (L=3450mm) GF to M1 - horizontal Y12@150 NF/FF | E56: H-Y12 | F56: 12 | G56: 1 | H56: =2*15 -> 30 | I56: =G56*H56 -> 30 | J56: =(3450-2*30+40*12)/1000 -> 3.87 | K56: =I56*J56 -> 116.1 | L56: =F56^2/162 -> 0.88888889 | M56: =K56*L56 -> 103.2 | N56: =M56/1000 -> 0.1032 | O56: Elevation count / plan length
A57: 52 | B57: Shear Walls | C57: STR-013/014 | D57: Emergency stair core CW-14 GF to M1 - vertical Y25@150 NF/FF | E57: V-Y25 | F57: 25 | G57: 1 | H57: =2*(ROUNDUP(3450/150,0)+1) -> 48 | I57: =G57*H57 -> 48 | J57: =(2500+40*25)/1000 -> 3.5 | K57: =I57*J57 -> 168 | L57: =F57^2/162 -> 3.8580247 | M57: =K57*L57 -> 648.14815 | N57: =M57/1000 -> 0.64814815 | O57: Elevation / plan
A58: 53 | B58: Shear Walls | C58: STR-013/014 | D58: Emergency stair core CW-15 (L=2425mm) GF to M1 - horizontal Y12@150 NF/FF | E58: H-Y12 | F58: 12 | G58: 1 | H58: =2*15 -> 30 | I58: =G58*H58 -> 30 | J58: =(2425-2*30+40*12)/1000 -> 2.845 | K58: =I58*J58 -> 85.35 | L58: =F58^2/162 -> 0.88888889 | M58: =K58*L58 -> 75.866667 | N58: =M58/1000 -> 0.075866667 | O58: Elevation count / plan length
A59: 54 | B59: Shear Walls | C59: STR-013/014 | D59: Emergency stair core CW-15 GF to M1 - vertical Y25@150 NF/FF | E59: V-Y25 | F59: 25 | G59: 1 | H59: =2*(ROUNDUP(2425/150,0)+1) -> 36 | I59: =G59*H59 -> 36 | J59: =(2500+40*25)/1000 -> 3.5 | K59: =I59*J59 -> 126 | L59: =F59^2/162 -> 3.8580247 | M59: =K59*L59 -> 486.11111 | N59: =M59/1000 -> 0.48611111 | O59: Elevation / plan
A60: 55 | B60: Shear Walls | C60: STR-013/014 | D60: Emergency stair core CW-16 (L=775mm) GF to M1 - horizontal Y12@150 NF/FF | E60: H-Y12 | F60: 12 | G60: 1 | H60: =2*15 -> 30 | I60: =G60*H60 -> 30 | J60: =(775-2*30+40*12)/1000 -> 1.195 | K60: =I60*J60 -> 35.85 | L60: =F60^2/162 -> 0.88888889 | M60: =K60*L60 -> 31.866667 | N60: =M60/1000 -> 0.031866667 | O60: Elevation count / plan length
A61: 56 | B61: Shear Walls | C61: STR-013/014 | D61: Emergency stair core CW-16 GF to M1 - vertical Y25@150 NF/FF | E61: V-Y25 | F61: 25 | G61: 1 | H61: =2*(ROUNDUP(775/150,0)+1) -> 14 | I61: =G61*H61 -> 14 | J61: =(2500+40*25)/1000 -> 3.5 | K61: =I61*J61 -> 49 | L61: =F61^2/162 -> 3.8580247 | M61: =K61*L61 -> 189.04321 | N61: =M61/1000 -> 0.18904321 | O61: Elevation / plan
A62: 57 | B62: Shear Walls | C62: STR-013/014 | D62: Emergency stair core CW-17 (L=360mm) GF to M1 - horizontal Y12@150 NF/FF | E62: H-Y12 | F62: 12 | G62: 1 | H62: =2*15 -> 30 | I62: =G62*H62 -> 30 | J62: =(360-2*30+40*12)/1000 -> 0.78 | K62: =I62*J62 -> 23.4 | L62: =F62^2/162 -> 0.88888889 | M62: =K62*L62 -> 20.8 | N62: =M62/1000 -> 0.0208 | O62: Elevation count / plan length
A63: 58 | B63: Shear Walls | C63: STR-013/014 | D63: Emergency stair core CW-17 GF to M1 - vertical Y25@150 NF/FF | E63: V-Y25 | F63: 25 | G63: 1 | H63: =2*(ROUNDUP(360/150,0)+1) -> 8 | I63: =G63*H63 -> 8 | J63: =(2500+40*25)/1000 -> 3.5 | K63: =I63*J63 -> 28 | L63: =F63^2/162 -> 3.8580247 | M63: =K63*L63 -> 108.02469 | N63: =M63/1000 -> 0.10802469 | O63: Elevation / plan
A64: 59 | B64: Shear Walls | C64: STR-013/014 | D64: Emergency stair core CW-18 (L=1300mm) GF to M1 - horizontal Y12@150 NF/FF | E64: H-Y12 | F64: 12 | G64: 1 | H64: =2*15 -> 30 | I64: =G64*H64 -> 30 | J64: =(1300-2*30+40*12)/1000 -> 1.72 | K64: =I64*J64 -> 51.6 | L64: =F64^2/162 -> 0.88888889 | M64: =K64*L64 -> 45.866667 | N64: =M64/1000 -> 0.045866667 | O64: Elevation count / plan length
A65: 60 | B65: Shear Walls | C65: STR-013/014 | D65: Emergency stair core CW-18 GF to M1 - vertical Y25@150 NF/FF | E65: V-Y25 | F65: 25 | G65: 1 | H65: =2*(ROUNDUP(1300/150,0)+1) -> 20 | I65: =G65*H65 -> 20 | J65: =(2500+40*25)/1000 -> 3.5 | K65: =I65*J65 -> 70 | L65: =F65^2/162 -> 3.8580247 | M65: =K65*L65 -> 270.06173 | N65: =M65/1000 -> 0.27006173 | O65: Elevation / plan
A66: 61 | B66: Shear Walls | C66: STR-013/014 | D66: Emergency stair core CW-19 (L=1100mm) GF to M1 - horizontal Y12@150 NF/FF | E66: H-Y12 | F66: 12 | G66: 1 | H66: =2*15 -> 30 | I66: =G66*H66 -> 30 | J66: =(1100-2*30+40*12)/1000 -> 1.52 | K66: =I66*J66 -> 45.6 | L66: =F66^2/162 -> 0.88888889 | M66: =K66*L66 -> 40.533333 | N66: =M66/1000 -> 0.040533333 | O66: Elevation count / plan length
A67: 62 | B67: Shear Walls | C67: STR-013/014 | D67: Emergency stair core CW-19 GF to M1 - vertical Y25@150 NF/FF | E67: V-Y25 | F67: 25 | G67: 1 | H67: =2*(ROUNDUP(1100/150,0)+1) -> 18 | I67: =G67*H67 -> 18 | J67: =(2500+40*25)/1000 -> 3.5 | K67: =I67*J67 -> 63 | L67: =F67^2/162 -> 3.8580247 | M67: =K67*L67 -> 243.05556 | N67: =M67/1000 -> 0.24305556 | O67: Elevation / plan
A68: 63 | B68: Shear Walls | C68: STR-013/014 | D68: Emergency stair core CW-20 (L=1300mm) GF to M1 - horizontal Y12@150 NF/FF | E68: H-Y12 | F68: 12 | G68: 1 | H68: =2*15 -> 30 | I68: =G68*H68 -> 30 | J68: =(1300-2*30+40*12)/1000 -> 1.72 | K68: =I68*J68 -> 51.6 | L68: =F68^2/162 -> 0.88888889 | M68: =K68*L68 -> 45.866667 | N68: =M68/1000 -> 0.045866667 | O68: Elevation count / plan length
A69: 64 | B69: Shear Walls | C69: STR-013/014 | D69: Emergency stair core CW-20 GF to M1 - vertical Y25@150 NF/FF | E69: V-Y25 | F69: 25 | G69: 1 | H69: =2*(ROUNDUP(1300/150,0)+1) -> 20 | I69: =G69*H69 -> 20 | J69: =(2500+40*25)/1000 -> 3.5 | K69: =I69*J69 -> 70 | L69: =F69^2/162 -> 3.8580247 | M69: =K69*L69 -> 270.06173 | N69: =M69/1000 -> 0.27006173 | O69: Elevation / plan
A70: 65 | B70: Shear Walls | C70: STR-013/014 | D70: Emergency stair core confinement links Y10@150 (33 positions on plan) GF to M1 | E70: LNK-Y10 | F70: 10 | G70: 1 | H70: =33*ROUNDUP(2500/150,0) -> 561 | I70: =G70*H70 -> 561 | J70: =1800/1000 -> 1.8 | K70: =I70*J70 -> 1009.8 | L70: =F70^2/162 -> 0.61728395 | M70: =K70*L70 -> 623.33333 | N70: =M70/1000 -> 0.62333333 | O70: Assumed link cut length
A71: 66 | B71: Lift Walls | C71: STR-015/017 | D71: Main core (lift shafts) CW-02 (L=3600mm) GF to 1st - horizontal Y12@150 NF/FF | E71: H-Y12 | F71: 12 | G71: 1 | H71: =2*34 -> 68 | I71: =G71*H71 -> 68 | J71: =(3600-2*30+40*12)/1000 -> 4.02 | K71: =I71*J71 -> 273.36 | L71: =F71^2/162 -> 0.88888889 | M71: =K71*L71 -> 242.98667 | N71: =M71/1000 -> 0.24298667 | O71: Elevation count / plan length
A72: 67 | B72: Lift Walls | C72: STR-015/017 | D72: Main core (lift shafts) CW-02 GF to 1st - vertical Y25@150 NF/FF | E72: V-Y25 | F72: 25 | G72: 1 | H72: =2*29 -> 58 | I72: =G72*H72 -> 58 | J72: =(3850+40*25)/1000 -> 4.85 | K72: =I72*J72 -> 281.3 | L72: =F72^2/162 -> 3.8580247 | M72: =K72*L72 -> 1085.2623 | N72: =M72/1000 -> 1.0852623 | O72: Elevation / plan
A73: 68 | B73: Lift Walls | C73: STR-015/017 | D73: Main core (lift shafts) CW-03 (L=3600mm) GF to 1st - horizontal Y12@150 NF/FF | E73: H-Y12 | F73: 12 | G73: 1 | H73: =2*34 -> 68 | I73: =G73*H73 -> 68 | J73: =(3600-2*30+40*12)/1000 -> 4.02 | K73: =I73*J73 -> 273.36 | L73: =F73^2/162 -> 0.88888889 | M73: =K73*L73 -> 242.98667 | N73: =M73/1000 -> 0.24298667 | O73: Elevation count / plan length
A74: 69 | B74: Lift Walls | C74: STR-015/017 | D74: Main core (lift shafts) CW-03 GF to 1st - vertical Y25@150 NF/FF | E74: V-Y25 | F74: 25 | G74: 1 | H74: =2*29 -> 58 | I74: =G74*H74 -> 58 | J74: =(3850+40*25)/1000 -> 4.85 | K74: =I74*J74 -> 281.3 | L74: =F74^2/162 -> 3.8580247 | M74: =K74*L74 -> 1085.2623 | N74: =M74/1000 -> 1.0852623 | O74: Elevation / plan
A75: 70 | B75: Lift Walls | C75: STR-015/017 | D75: Main core (lift shafts) CW-04 (L=3600mm) GF to 1st - horizontal Y12@150 NF/FF | E75: H-Y12 | F75: 12 | G75: 1 | H75: =2*34 -> 68 | I75: =G75*H75 -> 68 | J75: =(3600-2*30+40*12)/1000 -> 4.02 | K75: =I75*J75 -> 273.36 | L75: =F75^2/162 -> 0.88888889 | M75: =K75*L75 -> 242.98667 | N75: =M75/1000 -> 0.24298667 | O75: Elevation count / plan length
A76: 71 | B76: Lift Walls | C76: STR-015/017 | D76: Main core (lift shafts) CW-04 GF to 1st - vertical Y25@150 NF/FF | E76: V-Y25 | F76: 25 | G76: 1 | H76: =2*29 -> 58 | I76: =G76*H76 -> 58 | J76: =(3850+40*25)/1000 -> 4.85 | K76: =I76*J76 -> 281.3 | L76: =F76^2/162 -> 3.8580247 | M76: =K76*L76 -> 1085.2623 | N76: =M76/1000 -> 1.0852623 | O76: Elevation / plan
A77: 72 | B77: Lift Walls | C77: STR-015/017 | D77: Main core (lift shafts) CW-06 (L=2025mm) GF to 1st - horizontal Y12@150 NF/FF | E77: H-Y12 | F77: 12 | G77: 1 | H77: =2*34 -> 68 | I77: =G77*H77 -> 68 | J77: =(2025-2*30+40*12)/1000 -> 2.445 | K77: =I77*J77 -> 166.26 | L77: =F77^2/162 -> 0.88888889 | M77: =K77*L77 -> 147.78667 | N77: =M77/1000 -> 0.14778667 | O77: Elevation count / plan length
A78: 73 | B78: Lift Walls | C78: STR-015/017 | D78: Main core (lift shafts) CW-06 GF to 1st - vertical Y25@150 NF/FF | E78: V-Y25 | F78: 25 | G78: 1 | H78: =2*(ROUNDUP(2025/150,0)+1) -> 30 | I78: =G78*H78 -> 30 | J78: =(3850+40*25)/1000 -> 4.85 | K78: =I78*J78 -> 145.5 | L78: =F78^2/162 -> 3.8580247 | M78: =K78*L78 -> 561.34259 | N78: =M78/1000 -> 0.56134259 | O78: Elevation / plan
A79: 74 | B79: Lift Walls | C79: STR-015/017 | D79: Main core (lift shafts) CW-08 (L=4500mm) GF to 1st - horizontal Y12@150 NF/FF | E79: H-Y12 | F79: 12 | G79: 1 | H79: =2*34 -> 68 | I79: =G79*H79 -> 68 | J79: =(4500-2*30+40*12)/1000 -> 4.92 | K79: =I79*J79 -> 334.56 | L79: =F79^2/162 -> 0.88888889 | M79: =K79*L79 -> 297.38667 | N79: =M79/1000 -> 0.29738667 | O79: Elevation count / plan length
A80: 75 | B80: Lift Walls | C80: STR-015/017 | D80: Main core (lift shafts) CW-08 GF to 1st - vertical Y25@150 NF/FF | E80: V-Y25 | F80: 25 | G80: 1 | H80: =2*(ROUNDUP(4500/150,0)+1) -> 62 | I80: =G80*H80 -> 62 | J80: =(3850+40*25)/1000 -> 4.85 | K80: =I80*J80 -> 300.7 | L80: =F80^2/162 -> 3.8580247 | M80: =K80*L80 -> 1160.108 | N80: =M80/1000 -> 1.160108 | O80: Elevation / plan
A81: 76 | B81: Lift Walls | C81: STR-015/017 | D81: Main core (lift shafts) CW-07 (lift section) (L=4500mm) GF to 1st - horizontal Y12@150 NF/FF | E81: H-Y12 | F81: 12 | G81: 1 | H81: =2*34 -> 68 | I81: =G81*H81 -> 68 | J81: =(4500-2*30+40*12)/1000 -> 4.92 | K81: =I81*J81 -> 334.56 | L81: =F81^2/162 -> 0.88888889 | M81: =K81*L81 -> 297.38667 | N81: =M81/1000 -> 0.29738667 | O81: Elevation count / plan length
A82: 77 | B82: Lift Walls | C82: STR-015/017 | D82: Main core (lift shafts) CW-07 (lift section) GF to 1st - vertical Y25@150 NF/FF | E82: V-Y25 | F82: 25 | G82: 1 | H82: =2*(ROUNDUP(4500/150,0)+1) -> 62 | I82: =G82*H82 -> 62 | J82: =(3850+40*25)/1000 -> 4.85 | K82: =I82*J82 -> 300.7 | L82: =F82^2/162 -> 3.8580247 | M82: =K82*L82 -> 1160.108 | N82: =M82/1000 -> 1.160108 | O82: Elevation / plan
A83: 78 | B83: Lift Walls | C83: STR-015/017 | D83: Main core (lift shafts) confinement links Y10@150 (26 positions on plan) GF to 1st | E83: LNK-Y10 | F83: 10 | G83: 1 | H83: =26*ROUNDUP(3850/150,0) -> 676 | I83: =G83*H83 -> 676 | J83: =1800/1000 -> 1.8 | K83: =I83*J83 -> 1216.8 | L83: =F83^2/162 -> 0.61728395 | M83: =K83*L83 -> 751.11111 | N83: =M83/1000 -> 0.75111111 | O83: Assumed link cut length
A84: 79 | B84: Retaining / Ramp Walls | C84: STR-002 | D84: RAMP-01 wall 250 thk x 7400 long x 3500 high (raft top -1000 to M1 +2500) - horizontal Y12@150 NF/FF (PROVISIONAL) | E84: H-Y12 | F84: 12 | G84: 1 | H84: =2*ROUNDUP(3500/150,0) -> 48 | I84: =G84*H84 -> 48 | J84: =(7400-2*30+40*12)/1000 -> 7.82 | K84: =I84*J84 -> 375.36 | L84: =F84^2/162 -> 0.88888889 | M84: =K84*L84 -> 333.65333 | N84: =M84/1000 -> 0.33365333 | O84: Provisional
A85: 80 | B85: Retaining / Ramp Walls | C85: STR-002 | D85: RAMP-01 wall - vertical Y12@150 NF/FF (PROVISIONAL) | E85: V-Y12 | F85: 12 | G85: 1 | H85: =2*(ROUNDUP(7400/150,0)+1) -> 102 | I85: =G85*H85 -> 102 | J85: =(1250+350+3500+40*12)/1000 -> 5.58 | K85: =I85*J85 -> 569.16 | L85: =F85^2/162 -> 0.88888889 | M85: =K85*L85 -> 505.92 | N85: =M85/1000 -> 0.50592 | O85: Provisional
A86: 81 | B86: Staircases | C86: STR-019 | D86: Main staircase GF to 1st floor | E86: 1201 | F86: 12 | G86: 1 | H86: 30 | I86: =G86*H86 -> 30 | J86: =6200/1000 -> 6.2 | K86: =I86*J86 -> 186 | L86: =F86^2/162 -> 0.88888889 | M86: =K86*L86 -> 165.33333 | N86: =M86/1000 -> 0.16533333 | O86: BBS
A87: 82 | B87: Staircases | C87: STR-019 | D87: Main staircase GF to 1st floor | E87: 1202 | F87: 12 | G87: 1 | H87: 80 | I87: =G87*H87 -> 80 | J87: =2300/1000 -> 2.3 | K87: =I87*J87 -> 184 | L87: =F87^2/162 -> 0.88888889 | M87: =K87*L87 -> 163.55556 | N87: =M87/1000 -> 0.16355556 | O87: BBS
A88: 83 | B88: Staircases | C88: STR-019 | D88: Main staircase GF to 1st floor | E88: 1203 | F88: 12 | G88: 1 | H88: 26 | I88: =G88*H88 -> 26 | J88: =4800/1000 -> 4.8 | K88: =I88*J88 -> 124.8 | L88: =F88^2/162 -> 0.88888889 | M88: =K88*L88 -> 110.93333 | N88: =M88/1000 -> 0.11093333 | O88: BBS
A89: 84 | B89: Staircases | C89: STR-019 | D89: Main staircase GF to 1st floor | E89: 1601 | F89: 16 | G89: 1 | H89: 11 | I89: =G89*H89 -> 11 | J89: =6800/1000 -> 6.8 | K89: =I89*J89 -> 74.8 | L89: =F89^2/162 -> 1.5802469 | M89: =K89*L89 -> 118.20247 | N89: =M89/1000 -> 0.11820247 | O89: BBS
A90: 85 | B90: Staircases | C90: STR-019 | D90: Main staircase GF to 1st floor | E90: 1602 | F90: 16 | G90: 1 | H90: 11 | I90: =G90*H90 -> 11 | J90: =9000/1000 -> 9 | K90: =I90*J90 -> 99 | L90: =F90^2/162 -> 1.5802469 | M90: =K90*L90 -> 156.44444 | N90: =M90/1000 -> 0.15644444 | O90: BBS
A91: 86 | B91: Staircases | C91: STR-019 | D91: Main staircase GF to 1st floor | E91: 1603 | F91: 16 | G91: 1 | H91: 11 | I91: =G91*H91 -> 11 | J91: =2400/1000 -> 2.4 | K91: =I91*J91 -> 26.4 | L91: =F91^2/162 -> 1.5802469 | M91: =K91*L91 -> 41.718519 | N91: =M91/1000 -> 0.041718519 | O91: BBS
A92: 87 | B92: Staircases | C92: STR-019 | D92: Main staircase GF to 1st floor | E92: 1606 | F92: 16 | G92: 1 | H92: 11 | I92: =G92*H92 -> 11 | J92: =8375/1000 -> 8.375 | K92: =I92*J92 -> 92.125 | L92: =F92^2/162 -> 1.5802469 | M92: =K92*L92 -> 145.58025 | N92: =M92/1000 -> 0.14558025 | O92: BBS
A93: 88 | B93: Staircases | C93: STR-019 | D93: Main staircase GF to 1st floor | E93: 1607 | F93: 16 | G93: 1 | H93: 11 | I93: =G93*H93 -> 11 | J93: =3500/1000 -> 3.5 | K93: =I93*J93 -> 38.5 | L93: =F93^2/162 -> 1.5802469 | M93: =K93*L93 -> 60.839506 | N93: =M93/1000 -> 0.060839506 | O93: BBS
A94: 89 | B94: Staircases | C94: STR-019 | D94: Main staircase GF to 1st floor | E94: 1608 | F94: 16 | G94: 1 | H94: 11 | I94: =G94*H94 -> 11 | J94: =2500/1000 -> 2.5 | K94: =I94*J94 -> 27.5 | L94: =F94^2/162 -> 1.5802469 | M94: =K94*L94 -> 43.45679 | N94: =M94/1000 -> 0.04345679 | O94: BBS
A95: 90 | B95: Staircases | C95: STR-019 | D95: Main staircase GF to 1st floor | E95: 1609 | F95: 16 | G95: 1 | H95: 11 | I95: =G95*H95 -> 11 | J95: =3500/1000 -> 3.5 | K95: =I95*J95 -> 38.5 | L95: =F95^2/162 -> 1.5802469 | M95: =K95*L95 -> 60.839506 | N95: =M95/1000 -> 0.060839506 | O95: BBS
A96: 91 | B96: Staircases | C96: STR-019 | D96: Main staircase GF to 1st floor | E96: 1610 | F96: 16 | G96: 1 | H96: 11 | I96: =G96*H96 -> 11 | J96: =2000/1000 -> 2 | K96: =I96*J96 -> 22 | L96: =F96^2/162 -> 1.5802469 | M96: =K96*L96 -> 34.765432 | N96: =M96/1000 -> 0.034765432 | O96: BBS
A97: 92 | B97: Staircases | C97: STR-031 | D97: Emergency staircase GF to M1 | E97: 1201 | F97: 12 | G97: 1 | H97: 30 | I97: =G97*H97 -> 30 | J97: =6200/1000 -> 6.2 | K97: =I97*J97 -> 186 | L97: =F97^2/162 -> 0.88888889 | M97: =K97*L97 -> 165.33333 | N97: =M97/1000 -> 0.16533333 | O97: BBS
A98: 93 | B98: Staircases | C98: STR-031 | D98: Emergency staircase GF to M1 | E98: 1202 | F98: 12 | G98: 1 | H98: 80 | I98: =G98*H98 -> 80 | J98: =2300/1000 -> 2.3 | K98: =I98*J98 -> 184 | L98: =F98^2/162 -> 0.88888889 | M98: =K98*L98 -> 163.55556 | N98: =M98/1000 -> 0.16355556 | O98: BBS
A99: 94 | B99: Staircases | C99: STR-031 | D99: Emergency staircase GF to M1 | E99: 1203 | F99: 12 | G99: 1 | H99: 26 | I99: =G99*H99 -> 26 | J99: =4800/1000 -> 4.8 | K99: =I99*J99 -> 124.8 | L99: =F99^2/162 -> 0.88888889 | M99: =K99*L99 -> 110.93333 | N99: =M99/1000 -> 0.11093333 | O99: BBS
A100: 95 | B100: Staircases | C100: STR-031 | D100: Emergency staircase GF to M1 | E100: 1601 | F100: 16 | G100: 1 | H100: 10 | I100: =G100*H100 -> 10 | J100: =5100/1000 -> 5.1 | K100: =I100*J100 -> 51 | L100: =F100^2/162 -> 1.5802469 | M100: =K100*L100 -> 80.592593 | N100: =M100/1000 -> 0.080592593 | O100: BBS
A101: 96 | B101: Staircases | C101: STR-031 | D101: Emergency staircase GF to M1 | E101: 1602 | F101: 16 | G101: 1 | H101: 10 | I101: =G101*H101 -> 10 | J101: =7300/1000 -> 7.3 | K101: =I101*J101 -> 73 | L101: =F101^2/162 -> 1.5802469 | M101: =K101*L101 -> 115.35802 | N101: =M101/1000 -> 0.11535802 | O101: BBS
...

Sheet F02 M1 Level
A1: REINFORCEMENT TAKE-OFF - M1 LEVEL 1B PARKING (+2500)
A2: Proposed Kaneshie Block N Redevelopment
A3: Calculation per line: Total bars = members x bars/member; Total length = bars x cut length; kg = length x d^2/162; t = kg/1000
A5: Item | B5: Element | C5: Drawing | D5: Description / location | E5: Bar mark | F5: Dia (mm) | G5: No. of members | H5: No. of bars per member | I5: Total no. of bars | J5: Cut length per bar (m) | K5: Total length (m) | L5: Unit mass (kg/m) | M5: Weight (kg) | N5: Weight (t) | O5: Source
A6: 1 | B6: Columns | C6: STR-008 | D6: COL-01D (1 nos) M1 to 1st/M2 - links | E6: 1001 | F6: 10 | G6: 1 | H6: 28 | I6: =G6*H6 -> 28 | J6: =2330/1000 -> 2.33 | K6: =I6*J6 -> 65.24 | L6: =F6^2/162 -> 0.61728395 | M6: =K6*L6 -> 40.271605 | N6: =M6/1000 -> 0.040271605 | O6: Elevation + BBS length
A7: 2 | B7: Columns | C7: STR-008 | D7: COL-01D (1 nos) M1 to 1st/M2 - links | E7: 1002 | F7: 10 | G7: 1 | H7: 56 | I7: =G7*H7 -> 56 | J7: =1330/1000 -> 1.33 | K7: =I7*J7 -> 74.48 | L7: =F7^2/162 -> 0.61728395 | M7: =K7*L7 -> 45.975309 | N7: =M7/1000 -> 0.045975309 | O7: Elevation + BBS length
A8: 3 | B8: Columns | C8: STR-008 | D8: COL-01D (1 nos) M1 to 1st/M2 - links | E8: 1003 | F8: 10 | G8: 1 | H8: 28 | I8: =G8*H8 -> 28 | J8: =1830/1000 -> 1.83 | K8: =I8*J8 -> 51.24 | L8: =F8^2/162 -> 0.61728395 | M8: =K8*L8 -> 31.62963 | N8: =M8/1000 -> 0.03162963 | O8: Elevation + BBS length
A9: 4 | B9: Columns | C9: STR-008 | D9: COL-01D (1 nos) M1 to 1st/M2 - main bars | E9: 2503 | F9: 25 | G9: 1 | H9: 16 | I9: =G9*H9 -> 16 | J9: =3900/1000 -> 3.9 | K9: =I9*J9 -> 62.4 | L9: =F9^2/162 -> 3.8580247 | M9: =K9*L9 -> 240.74074 | N9: =M9/1000 -> 0.24074074 | O9: Elevation + BBS length
A10: 5 | B10: Columns | C10: STR-011 | D10: COL-02D (15 nos) M1 to 1st/M2 - links | E10: 1004 | F10: 10 | G10: 15 | H10: 28 | I10: =G10*H10 -> 420 | J10: =2910/1000 -> 2.91 | K10: =I10*J10 -> 1222.2 | L10: =F10^2/162 -> 0.61728395 | M10: =K10*L10 -> 754.44444 | N10: =M10/1000 -> 0.75444444 | O10: Elevation + BBS length
A11: 6 | B11: Columns | C11: STR-011 | D11: COL-02D (15 nos) M1 to 1st/M2 - links | E11: 1005 | F11: 10 | G11: 15 | H11: =3*28 -> 84 | I11: =G11*H11 -> 1260 | J11: =1008/1000 -> 1.008 | K11: =I11*J11 -> 1270.08 | L11: =F11^2/162 -> 0.61728395 | M11: =K11*L11 -> 784 | N11: =M11/1000 -> 0.784 | O11: Elevation + BBS length
A12: 7 | B12: Columns | C12: STR-011 | D12: COL-02D (15 nos) M1 to 1st/M2 - main bars | E12: 2506 | F12: 25 | G12: 15 | H12: 18 | I12: =G12*H12 -> 270 | J12: =3900/1000 -> 3.9 | K12: =I12*J12 -> 1053 | L12: =F12^2/162 -> 3.8580247 | M12: =K12*L12 -> 4062.5 | N12: =M12/1000 -> 4.0625 | O12: Elevation + BBS length
A13: 8 | B13: Shear Walls | C13: STR-013/014 | D13: Emergency stair core CW-12 (L=7050mm) M1 to M2 - horizontal Y12@150 NF/FF | E13: H-Y12 | F13: 12 | G13: 1 | H13: =2*16 -> 32 | I13: =G13*H13 -> 32 | J13: =(7050-2*30+40*12)/1000 -> 7.47 | K13: =I13*J13 -> 239.04 | L13: =F13^2/162 -> 0.88888889 | M13: =K13*L13 -> 212.48 | N13: =M13/1000 -> 0.21248 | O13: Elevation count / plan length
A14: 9 | B14: Shear Walls | C14: STR-013/014 | D14: Emergency stair core CW-12 M1 to M2 - vertical Y25@150 NF/FF | E14: V-Y25 | F14: 25 | G14: 1 | H14: =2*(ROUNDUP(7050/150,0)+1) -> 96 | I14: =G14*H14 -> 96 | J14: =(2700+40*25)/1000 -> 3.7 | K14: =I14*J14 -> 355.2 | L14: =F14^2/162 -> 3.8580247 | M14: =K14*L14 -> 1370.3704 | N14: =M14/1000 -> 1.3703704 | O14: Elevation / plan
A15: 10 | B15: Shear Walls | C15: STR-013/014 | D15: Emergency stair core CW-13 (L=7810mm) M1 to M2 - horizontal Y12@150 NF/FF | E15: H-Y12 | F15: 12 | G15: 1 | H15: =2*16 -> 32 | I15: =G15*H15 -> 32 | J15: =(7810-2*30+40*12)/1000 -> 8.23 | K15: =I15*J15 -> 263.36 | L15: =F15^2/162 -> 0.88888889 | M15: =K15*L15 -> 234.09778 | N15: =M15/1000 -> 0.23409778 | O15: Elevation count / plan length
A16: 11 | B16: Shear Walls | C16: STR-013/014 | D16: Emergency stair core CW-13 M1 to M2 - vertical Y25@150 NF/FF | E16: V-Y25 | F16: 25 | G16: 1 | H16: =2*52 -> 104 | I16: =G16*H16 -> 104 | J16: =(2700+40*25)/1000 -> 3.7 | K16: =I16*J16 -> 384.8 | L16: =F16^2/162 -> 3.8580247 | M16: =K16*L16 -> 1484.5679 | N16: =M16/1000 -> 1.4845679 | O16: Elevation / plan
A17: 12 | B17: Shear Walls | C17: STR-013/014 | D17: Emergency stair core CW-14 (L=3450mm) M1 to M2 - horizontal Y12@150 NF/FF | E17: H-Y12 | F17: 12 | G17: 1 | H17: =2*16 -> 32 | I17: =G17*H17 -> 32 | J17: =(3450-2*30+40*12)/1000 -> 3.87 | K17: =I17*J17 -> 123.84 | L17: =F17^2/162 -> 0.88888889 | M17: =K17*L17 -> 110.08 | N17: =M17/1000 -> 0.11008 | O17: Elevation count / plan length
A18: 13 | B18: Shear Walls | C18: STR-013/014 | D18: Emergency stair core CW-14 M1 to M2 - vertical Y25@150 NF/FF | E18: V-Y25 | F18: 25 | G18: 1 | H18: =2*(ROUNDUP(3450/150,0)+1) -> 48 | I18: =G18*H18 -> 48 | J18: =(2700+40*25)/1000 -> 3.7 | K18: =I18*J18 -> 177.6 | L18: =F18^2/162 -> 3.8580247 | M18: =K18*L18 -> 685.18519 | N18: =M18/1000 -> 0.68518519 | O18: Elevation / plan
A19: 14 | B19: Shear Walls | C19: STR-013/014 | D19: Emergency stair core CW-15 (L=2425mm) M1 to M2 - horizontal Y12@150 NF/FF | E19: H-Y12 | F19: 12 | G19: 1 | H19: =2*16 -> 32 | I19: =G19*H19 -> 32 | J19: =(2425-2*30+40*12)/1000 -> 2.845 | K19: =I19*J19 -> 91.04 | L19: =F19^2/162 -> 0.88888889 | M19: =K19*L19 -> 80.924444 | N19: =M19/1000 -> 0.080924444 | O19: Elevation count / plan length
A20: 15 | B20: Shear Walls | C20: STR-013/014 | D20: Emergency stair core CW-15 M1 to M2 - vertical Y25@150 NF/FF | E20: V-Y25 | F20: 25 | G20: 1 | H20: =2*(ROUNDUP(2425/150,0)+1) -> 36 | I20: =G20*H20 -> 36 | J20: =(2700+40*25)/1000 -> 3.7 | K20: =I20*J20 -> 133.2 | L20: =F20^2/162 -> 3.8580247 | M20: =K20*L20 -> 513.88889 | N20: =M20/1000 -> 0.51388889 | O20: Elevation / plan
A21: 16 | B21: Shear Walls | C21: STR-013/014 | D21: Emergency stair core CW-16 (L=775mm) M1 to M2 - horizontal Y12@150 NF/FF | E21: H-Y12 | F21: 12 | G21: 1 | H21: =2*16 -> 32 | I21: =G21*H21 -> 32 | J21: =(775-2*30+40*12)/1000 -> 1.195 | K21: =I21*J21 -> 38.24 | L21: =F21^2/162 -> 0.88888889 | M21: =K21*L21 -> 33.991111 | N21: =M21/1000 -> 0.033991111 | O21: Elevation count / plan length
A22: 17 | B22: Shear Walls | C22: STR-013/014 | D22: Emergency stair core CW-16 M1 to M2 - vertical Y25@150 NF/FF | E22: V-Y25 | F22: 25 | G22: 1 | H22: =2*(ROUNDUP(775/150,0)+1) -> 14 | I22: =G22*H22 -> 14 | J22: =(2700+40*25)/1000 -> 3.7 | K22: =I22*J22 -> 51.8 | L22: =F22^2/162 -> 3.8580247 | M22: =K22*L22 -> 199.84568 | N22: =M22/1000 -> 0.19984568 | O22: Elevation / plan
A23: 18 | B23: Shear Walls | C23: STR-013/014 | D23: Emergency stair core CW-17 (L=360mm) M1 to M2 - horizontal Y12@150 NF/FF | E23: H-Y12 | F23: 12 | G23: 1 | H23: =2*16 -> 32 | I23: =G23*H23 -> 32 | J23: =(360-2*30+40*12)/1000 -> 0.78 | K23: =I23*J23 -> 24.96 | L23: =F23^2/162 -> 0.88888889 | M23: =K23*L23 -> 22.186667 | N23: =M23/1000 -> 0.022186667 | O23: Elevation count / plan length
A24: 19 | B24: Shear Walls | C24: STR-013/014 | D24: Emergency stair core CW-17 M1 to M2 - vertical Y25@150 NF/FF | E24: V-Y25 | F24: 25 | G24: 1 | H24: =2*(ROUNDUP(360/150,0)+1) -> 8 | I24: =G24*H24 -> 8 | J24: =(2700+40*25)/1000 -> 3.7 | K24: =I24*J24 -> 29.6 | L24: =F24^2/162 -> 3.8580247 | M24: =K24*L24 -> 114.19753 | N24: =M24/1000 -> 0.11419753 | O24: Elevation / plan
A25: 20 | B25: Shear Walls | C25: STR-013/014 | D25: Emergency stair core CW-18 (L=1300mm) M1 to M2 - horizontal Y12@150 NF/FF | E25: H-Y12 | F25: 12 | G25: 1 | H25: =2*16 -> 32 | I25: =G25*H25 -> 32 | J25: =(1300-2*30+40*12)/1000 -> 1.72 | K25: =I25*J25 -> 55.04 | L25: =F25^2/162 -> 0.88888889 | M25: =K25*L25 -> 48.924444 | N25: =M25/1000 -> 0.048924444 | O25: Elevation count / plan length
A26: 21 | B26: Shear Walls | C26: STR-013/014 | D26: Emergency stair core CW-18 M1 to M2 - vertical Y25@150 NF/FF | E26: V-Y25 | F26: 25 | G26: 1 | H26: =2*(ROUNDUP(1300/150,0)+1) -> 20 | I26: =G26*H26 -> 20 | J26: =(2700+40*25)/1000 -> 3.7 | K26: =I26*J26 -> 74 | L26: =F26^2/162 -> 3.8580247 | M26: =K26*L26 -> 285.49383 | N26: =M26/1000 -> 0.28549383 | O26: Elevation / plan
A27: 22 | B27: Shear Walls | C27: STR-013/014 | D27: Emergency stair core CW-19 (L=1100mm) M1 to M2 - horizontal Y12@150 NF/FF | E27: H-Y12 | F27: 12 | G27: 1 | H27: =2*16 -> 32 | I27: =G27*H27 -> 32 | J27: =(1100-2*30+40*12)/1000 -> 1.52 | K27: =I27*J27 -> 48.64 | L27: =F27^2/162 -> 0.88888889 | M27: =K27*L27 -> 43.235556 | N27: =M27/1000 -> 0.043235556 | O27: Elevation count / plan length
A28: 23 | B28: Shear Walls | C28: STR-013/014 | D28: Emergency stair core CW-19 M1 to M2 - vertical Y25@150 NF/FF | E28: V-Y25 | F28: 25 | G28: 1 | H28: =2*(ROUNDUP(1100/150,0)+1) -> 18 | I28: =G28*H28 -> 18 | J28: =(2700+40*25)/1000 -> 3.7 | K28: =I28*J28 -> 66.6 | L28: =F28^2/162 -> 3.8580247 | M28: =K28*L28 -> 256.94444 | N28: =M28/1000 -> 0.25694444 | O28: Elevation / plan
A29: 24 | B29: Shear Walls | C29: STR-013/014 | D29: Emergency stair core CW-20 (L=1300mm) M1 to M2 - horizontal Y12@150 NF/FF | E29: H-Y12 | F29: 12 | G29: 1 | H29: =2*16 -> 32 | I29: =G29*H29 -> 32 | J29: =(1300-2*30+40*12)/1000 -> 1.72 | K29: =I29*J29 -> 55.04 | L29: =F29^2/162 -> 0.88888889 | M29: =K29*L29 -> 48.924444 | N29: =M29/1000 -> 0.048924444 | O29: Elevation count / plan length
A30: 25 | B30: Shear Walls | C30: STR-013/014 | D30: Emergency stair core CW-20 M1 to M2 - vertical Y25@150 NF/FF | E30: V-Y25 | F30: 25 | G30: 1 | H30: =2*(ROUNDUP(1300/150,0)+1) -> 20 | I30: =G30*H30 -> 20 | J30: =(2700+40*25)/1000 -> 3.7 | K30: =I30*J30 -> 74 | L30: =F30^2/162 -> 3.8580247 | M30: =K30*L30 -> 285.49383 | N30: =M30/1000 -> 0.28549383 | O30: Elevation / plan
A31: 26 | B31: Shear Walls | C31: STR-013/014 | D31: Emergency stair core confinement links Y10@150 (33 positions on plan) M1 to M2 | E31: LNK-Y10 | F31: 10 | G31: 1 | H31: =33*ROUNDUP(2700/150,0) -> 594 | I31: =G31*H31 -> 594 | J31: =1800/1000 -> 1.8 | K31: =I31*J31 -> 1069.2 | L31: =F31^2/162 -> 0.61728395 | M31: =K31*L31 -> 660 | N31: =M31/1000 -> 0.66 | O31: Assumed link cut length
A32: 27 | B32: Beams | C32: STR-042 | D32: M1 Level beams | E32: 1001 | F32: 10 | G32: 1 | H32: 1073 | I32: =G32*H32 -> 1073 | J32: =1700/1000 -> 1.7 | K32: =I32*J32 -> 1824.1 | L32: =F32^2/162 -> 0.61728395 | M32: =K32*L32 -> 1125.9877 | N32: =M32/1000 -> 1.1259877 | O32: BBS
A33: 28 | B33: Beams | C33: STR-042 | D33: M1 Level beams | E33: 1601 | F33: 16 | G33: 1 | H33: 4 | I33: =G33*H33 -> 4 | J33: =12000/1000 -> 12 | K33: =I33*J33 -> 48 | L33: =F33^2/162 -> 1.5802469 | M33: =K33*L33 -> 75.851852 | N33: =M33/1000 -> 0.075851852 | O33: BBS
A34: 29 | B34: Beams | C34: STR-042 | D34: M1 Level beams | E34: 1602 | F34: 16 | G34: 1 | H34: 2 | I34: =G34*H34 -> 2 | J34: =7200/1000 -> 7.2 | K34: =I34*J34 -> 14.4 | L34: =F34^2/162 -> 1.5802469 | M34: =K34*L34 -> 22.755556 | N34: =M34/1000 -> 0.022755556 | O34: BBS
A35: 30 | B35: Beams | C35: STR-042 | D35: M1 Level beams | E35: 1603 | F35: 16 | G35: 1 | H35: 6 | I35: =G35*H35 -> 6 | J35: =7000/1000 -> 7 | K35: =I35*J35 -> 42 | L35: =F35^2/162 -> 1.5802469 | M35: =K35*L35 -> 66.37037 | N35: =M35/1000 -> 0.06637037 | O35: BBS
A36: 31 | B36: Beams | C36: STR-042 | D36: M1 Level beams | E36: 1604 | F36: 16 | G36: 1 | H36: 2 | I36: =G36*H36 -> 2 | J36: =5900/1000 -> 5.9 | K36: =I36*J36 -> 11.8 | L36: =F36^2/162 -> 1.5802469 | M36: =K36*L36 -> 18.646914 | N36: =M36/1000 -> 0.018646914 | O36: BBS
A37: 32 | B37: Beams | C37: STR-042 | D37: M1 Level beams | E37: 1605 | F37: 16 | G37: 1 | H37: 2 | I37: =G37*H37 -> 2 | J37: =5150/1000 -> 5.15 | K37: =I37*J37 -> 10.3 | L37: =F37^2/162 -> 1.5802469 | M37: =K37*L37 -> 16.276543 | N37: =M37/1000 -> 0.016276543 | O37: BBS
A38: 33 | B38: Beams | C38: STR-042 | D38: M1 Level beams | E38: 1606 | F38: 16 | G38: 1 | H38: 3 | I38: =G38*H38 -> 3 | J38: =8050/1000 -> 8.05 | K38: =I38*J38 -> 24.15 | L38: =F38^2/162 -> 1.5802469 | M38: =K38*L38 -> 38.162963 | N38: =M38/1000 -> 0.038162963 | O38: BBS
A39: 34 | B39: Beams | C39: STR-042 | D39: M1 Level beams | E39: 1607 | F39: 16 | G39: 1 | H39: 3 | I39: =G39*H39 -> 3 | J39: =6400/1000 -> 6.4 | K39: =I39*J39 -> 19.2 | L39: =F39^2/162 -> 1.5802469 | M39: =K39*L39 -> 30.340741 | N39: =M39/1000 -> 0.030340741 | O39: BBS
A40: 35 | B40: Beams | C40: STR-042 | D40: M1 Level beams | E40: 1608 | F40: 16 | G40: 1 | H40: 3 | I40: =G40*H40 -> 3 | J40: =9250/1000 -> 9.25 | K40: =I40*J40 -> 27.75 | L40: =F40^2/162 -> 1.5802469 | M40: =K40*L40 -> 43.851852 | N40: =M40/1000 -> 0.043851852 | O40: BBS
A41: 36 | B41: Beams | C41: STR-042 | D41: M1 Level beams | E41: 1609 | F41: 16 | G41: 1 | H41: 6 | I41: =G41*H41 -> 6 | J41: =7200/1000 -> 7.2 | K41: =I41*J41 -> 43.2 | L41: =F41^2/162 -> 1.5802469 | M41: =K41*L41 -> 68.266667 | N41: =M41/1000 -> 0.068266667 | O41: BBS
A42: 37 | B42: Beams | C42: STR-042 | D42: M1 Level beams | E42: 1610 | F42: 16 | G42: 1 | H42: 2 | I42: =G42*H42 -> 2 | J42: =11700/1000 -> 11.7 | K42: =I42*J42 -> 23.4 | L42: =F42^2/162 -> 1.5802469 | M42: =K42*L42 -> 36.977778 | N42: =M42/1000 -> 0.036977778 | O42: BBS
A43: 38 | B43: Beams | C43: STR-042 | D43: M1 Level beams | E43: 1611 | F43: 16 | G43: 1 | H43: 2 | I43: =G43*H43 -> 2 | J43: =12000/1000 -> 12 | K43: =I43*J43 -> 24 | L43: =F43^2/162 -> 1.5802469 | M43: =K43*L43 -> 37.925926 | N43: =M43/1000 -> 0.037925926 | O43: BBS
A44: 39 | B44: Beams | C44: STR-042 | D44: M1 Level beams | E44: 1612 | F44: 16 | G44: 1 | H44: 2 | I44: =G44*H44 -> 2 | J44: =12000/1000 -> 12 | K44: =I44*J44 -> 24 | L44: =F44^2/162 -> 1.5802469 | M44: =K44*L44 -> 37.925926 | N44: =M44/1000 -> 0.037925926 | O44: BBS
A45: 40 | B45: Beams | C45: STR-042 | D45: M1 Level beams | E45: 1613 | F45: 16 | G45: 1 | H45: 2 | I45: =G45*H45 -> 2 | J45: =5150/1000 -> 5.15 | K45: =I45*J45 -> 10.3 | L45: =F45^2/162 -> 1.5802469 | M45: =K45*L45 -> 16.276543 | N45: =M45/1000 -> 0.016276543 | O45: BBS
A46: 41 | B46: Beams | C46: STR-042 | D46: M1 Level beams | E46: 1614 | F46: 16 | G46: 1 | H46: 2 | I46: =G46*H46 -> 2 | J46: =8850/1000 -> 8.85 | K46: =I46*J46 -> 17.7 | L46: =F46^2/162 -> 1.5802469 | M46: =K46*L46 -> 27.97037 | N46: =M46/1000 -> 0.02797037 | O46: BBS
A47: 42 | B47: Beams | C47: STR-042 | D47: M1 Level beams | E47: 1615 | F47: 16 | G47: 1 | H47: 2 | I47: =G47*H47 -> 2 | J47: =12000/1000 -> 12 | K47: =I47*J47 -> 24 | L47: =F47^2/162 -> 1.5802469 | M47: =K47*L47 -> 37.925926 | N47: =M47/1000 -> 0.037925926 | O47: BBS
A48: 43 | B48: Beams | C48: STR-042 | D48: M1 Level beams | E48: 2001 | F48: 20 | G48: 1 | H48: 3 | I48: =G48*H48 -> 3 | J48: =11200/1000 -> 11.2 | K48: =I48*J48 -> 33.6 | L48: =F48^2/162 -> 2.4691358 | M48: =K48*L48 -> 82.962963 | N48: =M48/1000 -> 0.082962963 | O48: BBS
A49: 44 | B49: Beams | C49: STR-042 | D49: M1 Level beams | E49: 2002 | F49: 20 | G49: 1 | H49: 6 | I49: =G49*H49 -> 6 | J49: =9600/1000 -> 9.6 | K49: =I49*J49 -> 57.6 | L49: =F49^2/162 -> 2.4691358 | M49: =K49*L49 -> 142.22222 | N49: =M49/1000 -> 0.14222222 | O49: BBS
A50: 45 | B50: Beams | C50: STR-042 | D50: M1 Level beams | E50: 2003 | F50: 20 | G50: 1 | H50: 3 | I50: =G50*H50 -> 3 | J50: =12000/1000 -> 12 | K50: =I50*J50 -> 36 | L50: =F50^2/162 -> 2.4691358 | M50: =K50*L50 -> 88.888889 | N50: =M50/1000 -> 0.088888889 | O50: BBS
A51: 46 | B51: Beams | C51: STR-042 | D51: M1 Level beams | E51: 2004 | F51: 20 | G51: 1 | H51: 3 | I51: =G51*H51 -> 3 | J51: =7050/1000 -> 7.05 | K51: =I51*J51 -> 21.15 | L51: =F51^2/162 -> 2.4691358 | M51: =K51*L51 -> 52.222222 | N51: =M51/1000 -> 0.052222222 | O51: BBS
A52: 47 | B52: Beams | C52: STR-042 | D52: M1 Level beams | E52: 2005 | F52: 20 | G52: 1 | H52: 3 | I52: =G52*H52 -> 3 | J52: =9300/1000 -> 9.3 | K52: =I52*J52 -> 27.9 | L52: =F52^2/162 -> 2.4691358 | M52: =K52*L52 -> 68.888889 | N52: =M52/1000 -> 0.068888889 | O52: BBS
A53: 48 | B53: Beams | C53: STR-042 | D53: M1 Level beams | E53: 2006 | F53: 20 | G53: 1 | H53: 3 | I53: =G53*H53 -> 3 | J53: =9100/1000 -> 9.1 | K53: =I53*J53 -> 27.3 | L53: =F53^2/162 -> 2.4691358 | M53: =K53*L53 -> 67.407407 | N53: =M53/1000 -> 0.067407407 | O53: BBS
A54: 49 | B54: Beams | C54: STR-042 | D54: M1 Level beams | E54: 2007 | F54: 20 | G54: 1 | H54: 6 | I54: =G54*H54 -> 6 | J54: =5725/1000 -> 5.725 | K54: =I54*J54 -> 34.35 | L54: =F54^2/162 -> 2.4691358 | M54: =K54*L54 -> 84.814815 | N54: =M54/1000 -> 0.084814815 | O54: BBS
A55: 50 | B55: Beams | C55: STR-042 | D55: M1 Level beams | E55: 2008 | F55: 20 | G55: 1 | H55: 3 | I55: =G55*H55 -> 3 | J55: =9250/1000 -> 9.25 | K55: =I55*J55 -> 27.75 | L55: =F55^2/162 -> 2.4691358 | M55: =K55*L55 -> 68.518519 | N55: =M55/1000 -> 0.068518519 | O55: BBS
A56: 51 | B56: Beams | C56: STR-042 | D56: M1 Level beams | E56: 2009 | F56: 20 | G56: 1 | H56: 3 | I56: =G56*H56 -> 3 | J56: =6500/1000 -> 6.5 | K56: =I56*J56 -> 19.5 | L56: =F56^2/162 -> 2.4691358 | M56: =K56*L56 -> 48.148148 | N56: =M56/1000 -> 0.048148148 | O56: BBS
A57: 52 | B57: Beams | C57: STR-042 | D57: M1 Level beams | E57: 2010 | F57: 20 | G57: 1 | H57: 3 | I57: =G57*H57 -> 3 | J57: =5700/1000 -> 5.7 | K57: =I57*J57 -> 17.1 | L57: =F57^2/162 -> 2.4691358 | M57: =K57*L57 -> 42.222222 | N57: =M57/1000 -> 0.042222222 | O57: BBS
A58: 53 | B58: Beams | C58: STR-042 | D58: M1 Level beams | E58: 2011 | F58: 20 | G58: 1 | H58: 3 | I58: =G58*H58 -> 3 | J58: =9100/1000 -> 9.1 | K58: =I58*J58 -> 27.3 | L58: =F58^2/162 -> 2.4691358 | M58: =K58*L58 -> 67.407407 | N58: =M58/1000 -> 0.067407407 | O58: BBS
A59: 54 | B59: Beams | C59: STR-042 | D59: M1 Level beams | E59: 2501 | F59: 25 | G59: 1 | H59: 3 | I59: =G59*H59 -> 3 | J59: =11300/1000 -> 11.3 | K59: =I59*J59 -> 33.9 | L59: =F59^2/162 -> 3.8580247 | M59: =K59*L59 -> 130.78704 | N59: =M59/1000 -> 0.13078704 | O59: BBS
A60: 55 | B60: Beams | C60: STR-042 | D60: M1 Level beams | E60: 2502 | F60: 25 | G60: 1 | H60: 6 | I60: =G60*H60 -> 6 | J60: =9600/1000 -> 9.6 | K60: =I60*J60 -> 57.6 | L60: =F60^2/162 -> 3.8580247 | M60: =K60*L60 -> 222.22222 | N60: =M60/1000 -> 0.22222222 | O60: BBS
A61: 56 | B61: Beams | C61: STR-042 | D61: M1 Level beams | E61: 2503 | F61: 25 | G61: 1 | H61: 3 | I61: =G61*H61 -> 3 | J61: =12000/1000 -> 12 | K61: =I61*J61 -> 36 | L61: =F61^2/162 -> 3.8580247 | M61: =K61*L61 -> 138.88889 | N61: =M61/1000 -> 0.13888889 | O61: BBS
A62: 57 | B62: Beams | C62: STR-042 | D62: M1 Level beams | E62: 2504 | F62: 25 | G62: 1 | H62: 3 | I62: =G62*H62 -> 3 | J62: =7150/1000 -> 7.15 | K62: =I62*J62 -> 21.45 | L62: =F62^2/162 -> 3.8580247 | M62: =K62*L62 -> 82.75463 | N62: =M62/1000 -> 0.08275463 | O62: BBS
A63: 58 | B63: Beams | C63: STR-042 | D63: M1 Level beams | E63: 2505 | F63: 25 | G63: 1 | H63: 3 | I63: =G63*H63 -> 3 | J63: =9300/1000 -> 9.3 | K63: =I63*J63 -> 27.9 | L63: =F63^2/162 -> 3.8580247 | M63: =K63*L63 -> 107.63889 | N63: =M63/1000 -> 0.10763889 | O63: BBS
A64: 59 | B64: Beams | C64: STR-042 | D64: M1 Level beams | E64: 2506 | F64: 25 | G64: 1 | H64: 3 | I64: =G64*H64 -> 3 | J64: =9200/1000 -> 9.2 | K64: =I64*J64 -> 27.6 | L64: =F64^2/162 -> 3.8580247 | M64: =K64*L64 -> 106.48148 | N64: =M64/1000 -> 0.10648148 | O64: BBS
A65: 60 | B65: Beams | C65: STR-042 | D65: M1 Level beams | E65: 2507 | F65: 25 | G65: 1 | H65: 3 | I65: =G65*H65 -> 3 | J65: =9850/1000 -> 9.85 | K65: =I65*J65 -> 29.55 | L65: =F65^2/162 -> 3.8580247 | M65: =K65*L65 -> 114.00463 | N65: =M65/1000 -> 0.11400463 | O65: BBS
A66: 61 | B66: Beams | C66: STR-042 | D66: M1 Level beams | E66: 2508 | F66: 25 | G66: 1 | H66: 3 | I66: =G66*H66 -> 3 | J66: =11425/1000 -> 11.425 | K66: =I66*J66 -> 34.275 | L66: =F66^2/162 -> 3.8580247 | M66: =K66*L66 -> 132.2338 | N66: =M66/1000 -> 0.1322338 | O66: BBS
A67: 62 | B67: Beams | C67: STR-042 | D67: M1 Level beams | E67: 2509 | F67: 25 | G67: 1 | H67: 3 | I67: =G67*H67 -> 3 | J67: =6850/1000 -> 6.85 | K67: =I67*J67 -> 20.55 | L67: =F67^2/162 -> 3.8580247 | M67: =K67*L67 -> 79.282407 | N67: =M67/1000 -> 0.079282407 | O67: BBS
A68: 63 | B68: Beams | C68: STR-042 | D68: M1 Level beams | E68: 2510 | F68: 25 | G68: 1 | H68: 3 | I68: =G68*H68 -> 3 | J68: =4475/1000 -> 4.475 | K68: =I68*J68 -> 13.425 | L68: =F68^2/162 -> 3.8580247 | M68: =K68*L68 -> 51.793981 | N68: =M68/1000 -> 0.051793981 | O68: BBS
A69: 64 | B69: Beams | C69: STR-042 | D69: M1 Level beams | E69: 2511 | F69: 25 | G69: 1 | H69: 3 | I69: =G69*H69 -> 3 | J69: =7600/1000 -> 7.6 | K69: =I69*J69 -> 22.8 | L69: =F69^2/162 -> 3.8580247 | M69: =K69*L69 -> 87.962963 | N69: =M69/1000 -> 0.087962963 | O69: BBS
A70: 65 | B70: Beams | C70: STR-042 | D70: M1 Level beams | E70: 2512 | F70: 25 | G70: 1 | H70: 3 | I70: =G70*H70 -> 3 | J70: =6800/1000 -> 6.8 | K70: =I70*J70 -> 20.4 | L70: =F70^2/162 -> 3.8580247 | M70: =K70*L70 -> 78.703704 | N70: =M70/1000 -> 0.078703704 | O70: BBS
A71: 66 | B71: Beams | C71: STR-042 | D71: M1 Level beams | E71: 2513 | F71: 25 | G71: 1 | H71: 3 | I71: =G71*H71 -> 3 | J71: =6850/1000 -> 6.85 | K71: =I71*J71 -> 20.55 | L71: =F71^2/162 -> 3.8580247 | M71: =K71*L71 -> 79.282407 | N71: =M71/1000 -> 0.079282407 | O71: BBS
A72: 67 | B72: Beams | C72: STR-042 | D72: M1 Level beams | E72: 2514 | F72: 25 | G72: 1 | H72: 3 | I72: =G72*H72 -> 3 | J72: =10975/1000 -> 10.975 | K72: =I72*J72 -> 32.925 | L72: =F72^2/162 -> 3.8580247 | M72: =K72*L72 -> 127.02546 | N72: =M72/1000 -> 0.12702546 | O72: BBS
A73: 68 | B73: Beams | C73: STR-042 | D73: M1 Level beams | E73: 2515 | F73: 25 | G73: 1 | H73: 3 | I73: =G73*H73 -> 3 | J73: =11250/1000 -> 11.25 | K73: =I73*J73 -> 33.75 | L73: =F73^2/162 -> 3.8580247 | M73: =K73*L73 -> 130.20833 | N73: =M73/1000 -> 0.13020833 | O73: BBS
A74: 69 | B74: Beams | C74: STR-042 | D74: M1 Level beams | E74: 2516 | F74: 25 | G74: 1 | H74: 3 | I74: =G74*H74 -> 3 | J74: =6650/1000 -> 6.65 | K74: =I74*J74 -> 19.95 | L74: =F74^2/162 -> 3.8580247 | M74: =K74*L74 -> 76.967593 | N74: =M74/1000 -> 0.076967593 | O74: BBS
A75: 70 | B75: Beams | C75: STR-042 | D75: M1 Level beams | E75: 2517 | F75: 25 | G75: 1 | H75: 3 | I75: =G75*H75 -> 3 | J75: =8150/1000 -> 8.15 | K75: =I75*J75 -> 24.45 | L75: =F75^2/162 -> 3.8580247 | M75: =K75*L75 -> 94.328704 | N75: =M75/1000 -> 0.094328704 | O75: BBS
A76: 71 | B76: Beams | C76: STR-042 | D76: M1 Level beams | E76: 2518 | F76: 25 | G76: 1 | H76: 3 | I76: =G76*H76 -> 3 | J76: =7600/1000 -> 7.6 | K76: =I76*J76 -> 22.8 | L76: =F76^2/162 -> 3.8580247 | M76: =K76*L76 -> 87.962963 | N76: =M76/1000 -> 0.087962963 | O76: BBS
A77: 72 | B77: Beams | C77: STR-042 | D77: M1 Level beams | E77: 2519 | F77: 25 | G77: 1 | H77: 3 | I77: =G77*H77 -> 3 | J77: =10775/1000 -> 10.775 | K77: =I77*J77 -> 32.325 | L77: =F77^2/162 -> 3.8580247 | M77: =K77*L77 -> 124.71065 | N77: =M77/1000 -> 0.12471065 | O77: BBS
A78: 73 | B78: Beams | C78: STR-042 | D78: M1 Level beams | E78: 2520 | F78: 25 | G78: 1 | H78: 3 | I78: =G78*H78 -> 3 | J78: =9850/1000 -> 9.85 | K78: =I78*J78 -> 29.55 | L78: =F78^2/162 -> 3.8580247 | M78: =K78*L78 -> 114.00463 | N78: =M78/1000 -> 0.11400463 | O78: BBS
A79: 74 | B79: Beams | C79: STR-042 | D79: M1 Level beams | E79: 2521 | F79: 25 | G79: 1 | H79: 3 | I79: =G79*H79 -> 3 | J79: =8925/1000 -> 8.925 | K79: =I79*J79 -> 26.775 | L79: =F79^2/162 -> 3.8580247 | M79: =K79*L79 -> 103.29861 | N79: =M79/1000 -> 0.10329861 | O79: BBS
A80: 75 | B80: Beams | C80: STR-042 | D80: M1 Level beams | E80: 2522 | F80: 25 | G80: 1 | H80: 3 | I80: =G80*H80 -> 3 | J80: =6600/1000 -> 6.6 | K80: =I80*J80 -> 19.8 | L80: =F80^2/162 -> 3.8580247 | M80: =K80*L80 -> 76.388889 | N80: =M80/1000 -> 0.076388889 | O80: BBS
A81: 76 | B81: Beams | C81: STR-042 | D81: M1 Level beams | E81: 2523 | F81: 25 | G81: 1 | H81: 3 | I81: =G81*H81 -> 3 | J81: =7850/1000 -> 7.85 | K81: =I81*J81 -> 23.55 | L81: =F81^2/162 -> 3.8580247 | M81: =K81*L81 -> 90.856481 | N81: =M81/1000 -> 0.090856481 | O81: BBS
A82: 77 | B82: Floor Slabs | C82: STR-043 | D82: M1 slab - bottom reinforcement | E82: 1201 | F82: 12 | G82: 1 | H82: 99 | I82: =G82*H82 -> 99 | J82: =8550/1000 -> 8.55 | K82: =I82*J82 -> 846.45 | L82: =F82^2/162 -> 0.88888889 | M82: =K82*L82 -> 752.4 | N82: =M82/1000 -> 0.7524 | O82: BBS
A83: 78 | B83: Floor Slabs | C83: STR-043 | D83: M1 slab - bottom reinforcement | E83: 1202 | F83: 12 | G83: 1 | H83: 122 | I83: =G83*H83 -> 122 | J83: =5500/1000 -> 5.5 | K83: =I83*J83 -> 671 | L83: =F83^2/162 -> 0.88888889 | M83: =K83*L83 -> 596.44444 | N83: =M83/1000 -> 0.59644444 | O83: BBS
A84: 79 | B84: Floor Slabs | C84: STR-043 | D84: M1 slab - bottom reinforcement | E84: 1203 | F84: 12 | G84: 1 | H84: 21 | I84: =G84*H84 -> 21 | J84: =4250/1000 -> 4.25 | K84: =I84*J84 -> 89.25 | L84: =F84^2/162 -> 0.88888889 | M84: =K84*L84 -> 79.333333 | N84: =M84/1000 -> 0.079333333 | O84: BBS
A85: 80 | B85: Floor Slabs | C85: STR-043 | D85: M1 slab - bottom reinforcement | E85: 1204 | F85: 12 | G85: 1 | H85: 54 | I85: =G85*H85 -> 54 | J85: =5250/1000 -> 5.25 | K85: =I85*J85 -> 283.5 | L85: =F85^2/162 -> 0.88888889 | M85: =K85*L85 -> 252 | N85: =M85/1000 -> 0.252 | O85: BBS
A86: 81 | B86: Floor Slabs | C86: STR-043 | D86: M1 slab - bottom reinforcement | E86: 1205 | F86: 12 | G86: 1 | H86: 144 | I86: =G86*H86 -> 144 | J86: =9050/1000 -> 9.05 | K86: =I86*J86 -> 1303.2 | L86: =F86^2/162 -> 0.88888889 | M86: =K86*L86 -> 1158.4 | N86: =M86/1000 -> 1.1584 | O86: BBS
A87: 82 | B87: Floor Slabs | C87: STR-043 | D87: M1 slab - bottom reinforcement | E87: 1206 | F87: 12 | G87: 1 | H87: 74 | I87: =G87*H87 -> 74 | J87: =8950/1000 -> 8.95 | K87: =I87*J87 -> 662.3 | L87: =F87^2/162 -> 0.88888889 | M87: =K87*L87 -> 588.71111 | N87: =M87/1000 -> 0.58871111 | O87: BBS
A88: 83 | B88: Floor Slabs | C88: STR-043 | D88: M1 slab - bottom reinforcement | E88: 1207 | F88: 12 | G88: 1 | H88: 93 | I88: =G88*H88 -> 93 | J88: =8850/1000 -> 8.85 | K88: =I88*J88 -> 823.05 | L88: =F88^2/162 -> 0.88888889 | M88: =K88*L88 -> 731.6 | N88: =M88/1000 -> 0.7316 | O88: BBS
A89: 84 | B89: Floor Slabs | C89: STR-043 | D89: M1 slab - bottom reinforcement | E89: 1208 | F89: 12 | G89: 1 | H89: 15 | I89: =G89*H89 -> 15 | J89: =8775/1000 -> 8.775 | K89: =I89*J89 -> 131.625 | L89: =F89^2/162 -> 0.88888889 | M89: =K89*L89 -> 117 | N89: =M89/1000 -> 0.117 | O89: BBS
A90: 85 | B90: Floor Slabs | C90: STR-043 | D90: M1 slab - bottom reinforcement | E90: 1209 | F90: 12 | G90: 1 | H90: 93 | I90: =G90*H90 -> 93 | J90: =8700/1000 -> 8.7 | K90: =I90*J90 -> 809.1 | L90: =F90^2/162 -> 0.88888889 | M90: =K90*L90 -> 719.2 | N90: =M90/1000 -> 0.7192 | O90: BBS
A91: 86 | B91: Floor Slabs | C91: STR-043 | D91: M1 slab - bottom reinforcement | E91: 1210 | F91: 12 | G91: 1 | H91: 122 | I91: =G91*H91 -> 122 | J91: =6350/1000 -> 6.35 | K91: =I91*J91 -> 774.7 | L91: =F91^2/162 -> 0.88888889 | M91: =K91*L91 -> 688.62222 | N91: =M91/1000 -> 0.68862222 | O91: BBS
A92: 87 | B92: Floor Slabs | C92: STR-043 | D92: M1 slab - bottom reinforcement | E92: 1211 | F92: 12 | G92: 1 | H92: 13 | I92: =G92*H92 -> 13 | J92: =6600/1000 -> 6.6 | K92: =I92*J92 -> 85.8 | L92: =F92^2/162 -> 0.88888889 | M92: =K92*L92 -> 76.266667 | N92: =M92/1000 -> 0.076266667 | O92: BBS
A93: 88 | B93: Floor Slabs | C93: STR-043 | D93: M1 slab - bottom reinforcement | E93: 1212 | F93: 12 | G93: 1 | H93: 154 | I93: =G93*H93 -> 154 | J93: =12000/1000 -> 12 | K93: =I93*J93 -> 1848 | L93: =F93^2/162 -> 0.88888889 | M93: =K93*L93 -> 1642.6667 | N93: =M93/1000 -> 1.6426667 | O93: BBS
A94: 89 | B94: Floor Slabs | C94: STR-043 | D94: M1 slab - bottom reinforcement | E94: 1213 | F94: 12 | G94: 1 | H94: 73 | I94: =G94*H94 -> 73 | J94: =8100/1000 -> 8.1 | K94: =I94*J94 -> 591.3 | L94: =F94^2/162 -> 0.88888889 | M94: =K94*L94 -> 525.6 | N94: =M94/1000 -> 0.5256 | O94: BBS
A95: 90 | B95: Floor Slabs | C95: STR-043 | D95: M1 slab - bottom reinforcement | E95: 1214 | F95: 12 | G95: 1 | H95: 13 | I95: =G95*H95 -> 13 | J95: =4200/1000 -> 4.2 | K95: =I95*J95 -> 54.6 | L95: =F95^2/162 -> 0.88888889 | M95: =K95*L95 -> 48.533333 | N95: =M95/1000 -> 0.048533333 | O95: BBS
A96: 91 | B96: Floor Slabs | C96: STR-043 | D96: M1 slab - bottom reinforcement | E96: 1215 | F96: 12 | G96: 1 | H96: 153 | I96: =G96*H96 -> 153 | J96: =12000/1000 -> 12 | K96: =I96*J96 -> 1836 | L96: =F96^2/162 -> 0.88888889 | M96: =K96*L96 -> 1632 | N96: =M96/1000 -> 1.632 | O96: BBS
A97: 92 | B97: Floor Slabs | C97: STR-043 | D97: M1 slab - bottom reinforcement | E97: 1215(2) | F97: 12 | G97: 1 | H97: 74 | I97: =G97*H97 -> 74 | J97: =12000/1000 -> 12 | K97: =I97*J97 -> 888 | L97: =F97^2/162 -> 0.88888889 | M97: =K97*L97 -> 789.33333 | N97: =M97/1000 -> 0.78933333 | O97: BBS
A98: 93 | B98: Floor Slabs | C98: STR-043 | D98: M1 slab - bottom reinforcement | E98: 1216 | F98: 12 | G98: 1 | H98: 37 | I98: =G98*H98 -> 37 | J98: =5550/1000 -> 5.55 | K98: =I98*J98 -> 205.35 | L98: =F98^2/162 -> 0.88888889 | M98: =K98*L98 -> 182.53333 | N98: =M98/1000 -> 0.18253333 | O98: BBS
A99: 94 | B99: Floor Slabs | C99: STR-043 | D99: M1 slab - bottom reinforcement | E99: 1217 | F99: 12 | G99: 1 | H99: 44 | I99: =G99*H99 -> 44 | J99: =11750/1000 -> 11.75 | K99: =I99*J99 -> 517 | L99: =F99^2/162 -> 0.88888889 | M99: =K99*L99 -> 459.55556 | N99: =M99/1000 -> 0.45955556 | O99: BBS
A100: 95 | B100: Floor Slabs | C100: STR-043 | D100: M1 slab - bottom reinforcement | E100: 1218 | F100: 12 | G100: 1 | H100: 75 | I100: =G100*H100 -> 75 | J100: =11500/1000 -> 11.5 | K100: =I100*J100 -> 862.5 | L100: =F100^2/162 -> 0.88888889 | M100: =K100*L100 -> 766.66667 | N100: =M100/1000 -> 0.76666667 | O100: BBS
A101: 96 | B101: Floor Slabs | C101: STR-043 | D101: M1 slab - bottom reinforcement | E101: 1601 | F101: 16 | G101: 1 | H101: 95 | I101: =G101*H101 -> 95 | J101: =8375/1000 -> 8.375 | K101: =I101*J101 -> 795.625 | L101: =F101^2/162 -> 1.5802469 | M101: =K101*L101 -> 1257.284 | N101: =M101/1000 -> 1.257284 | O101: BBS
...

Sheet F03 First Floor
A1: REINFORCEMENT TAKE-OFF - FIRST FLOOR LEVEL 2A PARKING (+4150)
A2: Proposed Kaneshie Block N Redevelopment
A3: Calculation per line: Total bars = members x bars/member; Total length = bars x cut length; kg = length x d^2/162; t = kg/1000
A5: Item | B5: Element | C5: Drawing | D5: Description / location | E5: Bar mark | F5: Dia (mm) | G5: No. of members | H5: No. of bars per member | I5: Total no. of bars | J5: Cut length per bar (m) | K5: Total length (m) | L5: Unit mass (kg/m) | M5: Weight (kg) | N5: Weight (t) | O5: Source
A6: 1 | B6: Columns | C6: STR-007 | D6: COL-01A (5 nos) 1st to 2nd - links | E6: 1001 | F6: 10 | G6: 5 | H6: 29 | I6: =G6*H6 -> 145 | J6: =2330/1000 -> 2.33 | K6: =I6*J6 -> 337.85 | L6: =F6^2/162 -> 0.61728395 | M6: =K6*L6 -> 208.54938 | N6: =M6/1000 -> 0.20854938 | O6: Elevation + BBS length
A7: 2 | B7: Columns | C7: STR-007 | D7: COL-01A (5 nos) 1st to 2nd - links | E7: 1002 | F7: 10 | G7: 5 | H7: 58 | I7: =G7*H7 -> 290 | J7: =1330/1000 -> 1.33 | K7: =I7*J7 -> 385.7 | L7: =F7^2/162 -> 0.61728395 | M7: =K7*L7 -> 238.08642 | N7: =M7/1000 -> 0.23808642 | O7: Elevation + BBS length
A8: 3 | B8: Columns | C8: STR-007 | D8: COL-01A (5 nos) 1st to 2nd - links | E8: 1003 | F8: 10 | G8: 5 | H8: 29 | I8: =G8*H8 -> 145 | J8: =1830/1000 -> 1.83 | K8: =I8*J8 -> 265.35 | L8: =F8^2/162 -> 0.61728395 | M8: =K8*L8 -> 163.7963 | N8: =M8/1000 -> 0.1637963 | O8: Elevation + BBS length
A9: 4 | B9: Columns | C9: STR-007 | D9: COL-01A (5 nos) 1st to 2nd - main bars | E9: 2503 | F9: 25 | G9: 5 | H9: 16 | I9: =G9*H9 -> 80 | J9: =3900/1000 -> 3.9 | K9: =I9*J9 -> 312 | L9: =F9^2/162 -> 3.8580247 | M9: =K9*L9 -> 1203.7037 | N9: =M9/1000 -> 1.2037037 | O9: Elevation + BBS length
A10: 5 | B10: Columns | C10: STR-007 | D10: COL-01B (1 nos) 1st to 2nd - links | E10: 1001 | F10: 10 | G10: 1 | H10: 29 | I10: =G10*H10 -> 29 | J10: =2330/1000 -> 2.33 | K10: =I10*J10 -> 67.57 | L10: =F10^2/162 -> 0.61728395 | M10: =K10*L10 -> 41.709877 | N10: =M10/1000 -> 0.041709877 | O10: Elevation + BBS length
A11: 6 | B11: Columns | C11: STR-007 | D11: COL-01B (1 nos) 1st to 2nd - links | E11: 1002 | F11: 10 | G11: 1 | H11: 58 | I11: =G11*H11 -> 58 | J11: =1330/1000 -> 1.33 | K11: =I11*J11 -> 77.14 | L11: =F11^2/162 -> 0.61728395 | M11: =K11*L11 -> 47.617284 | N11: =M11/1000 -> 0.047617284 | O11: Elevation + BBS length
A12: 7 | B12: Columns | C12: STR-007 | D12: COL-01B (1 nos) 1st to 2nd - links | E12: 1003 | F12: 10 | G12: 1 | H12: 29 | I12: =G12*H12 -> 29 | J12: =1830/1000 -> 1.83 | K12: =I12*J12 -> 53.07 | L12: =F12^2/162 -> 0.61728395 | M12: =K12*L12 -> 32.759259 | N12: =M12/1000 -> 0.032759259 | O12: Elevation + BBS length
A13: 8 | B13: Columns | C13: STR-007 | D13: COL-01B (1 nos) 1st to 2nd - main bars | E13: 2503 | F13: 25 | G13: 1 | H13: 16 | I13: =G13*H13 -> 16 | J13: =3900/1000 -> 3.9 | K13: =I13*J13 -> 62.4 | L13: =F13^2/162 -> 3.8580247 | M13: =K13*L13 -> 240.74074 | N13: =M13/1000 -> 0.24074074 | O13: Elevation + BBS length
A14: 9 | B14: Columns | C14: STR-008 | D14: COL-01C (2 nos) 1st to 2nd - links | E14: 1001 | F14: 10 | G14: 2 | H14: 29 | I14: =G14*H14 -> 58 | J14: =2330/1000 -> 2.33 | K14: =I14*J14 -> 135.14 | L14: =F14^2/162 -> 0.61728395 | M14: =K14*L14 -> 83.419753 | N14: =M14/1000 -> 0.083419753 | O14: Elevation + BBS length
A15: 10 | B15: Columns | C15: STR-008 | D15: COL-01C (2 nos) 1st to 2nd - links | E15: 1002 | F15: 10 | G15: 2 | H15: 58 | I15: =G15*H15 -> 116 | J15: =1330/1000 -> 1.33 | K15: =I15*J15 -> 154.28 | L15: =F15^2/162 -> 0.61728395 | M15: =K15*L15 -> 95.234568 | N15: =M15/1000 -> 0.095234568 | O15: Elevation + BBS length
A16: 11 | B16: Columns | C16: STR-008 | D16: COL-01C (2 nos) 1st to 2nd - links | E16: 1003 | F16: 10 | G16: 2 | H16: 29 | I16: =G16*H16 -> 58 | J16: =1830/1000 -> 1.83 | K16: =I16*J16 -> 106.14 | L16: =F16^2/162 -> 0.61728395 | M16: =K16*L16 -> 65.518519 | N16: =M16/1000 -> 0.065518519 | O16: Elevation + BBS length
A17: 12 | B17: Columns | C17: STR-008 | D17: COL-01C (2 nos) 1st to 2nd - main bars | E17: 2503 | F17: 25 | G17: 2 | H17: 16 | I17: =G17*H17 -> 32 | J17: =3900/1000 -> 3.9 | K17: =I17*J17 -> 124.8 | L17: =F17^2/162 -> 3.8580247 | M17: =K17*L17 -> 481.48148 | N17: =M17/1000 -> 0.48148148 | O17: Elevation + BBS length
A18: 13 | B18: Columns | C18: STR-010 | D18: COL-02A (3 nos) 1st to 2nd - links | E18: 1004 | F18: 10 | G18: 3 | H18: 29 | I18: =G18*H18 -> 87 | J18: =2910/1000 -> 2.91 | K18: =I18*J18 -> 253.17 | L18: =F18^2/162 -> 0.61728395 | M18: =K18*L18 -> 156.27778 | N18: =M18/1000 -> 0.15627778 | O18: Elevation + BBS length
A19: 14 | B19: Columns | C19: STR-010 | D19: COL-02A (3 nos) 1st to 2nd - links | E19: 1005 | F19: 10 | G19: 3 | H19: =5*29 -> 145 | I19: =G19*H19 -> 435 | J19: =1008/1000 -> 1.008 | K19: =I19*J19 -> 438.48 | L19: =F19^2/162 -> 0.61728395 | M19: =K19*L19 -> 270.66667 | N19: =M19/1000 -> 0.27066667 | O19: Elevation + BBS length
A20: 15 | B20: Columns | C20: STR-010 | D20: COL-02A (3 nos) 1st to 2nd - main bars | E20: 2503 | F20: 25 | G20: 3 | H20: 18 | I20: =G20*H20 -> 54 | J20: =3900/1000 -> 3.9 | K20: =I20*J20 -> 210.6 | L20: =F20^2/162 -> 3.8580247 | M20: =K20*L20 -> 812.5 | N20: =M20/1000 -> 0.8125 | O20: Elevation + BBS length
A21: 16 | B21: Columns | C21: STR-010 | D21: COL-02B (6 nos) 1st to 2nd - links | E21: 1004 | F21: 10 | G21: 6 | H21: 29 | I21: =G21*H21 -> 174 | J21: =2910/1000 -> 2.91 | K21: =I21*J21 -> 506.34 | L21: =F21^2/162 -> 0.61728395 | M21: =K21*L21 -> 312.55556 | N21: =M21/1000 -> 0.31255556 | O21: Elevation + BBS length
A22: 17 | B22: Columns | C22: STR-010 | D22: COL-02B (6 nos) 1st to 2nd - links | E22: 1005 | F22: 10 | G22: 6 | H22: =5*29 -> 145 | I22: =G22*H22 -> 870 | J22: =1008/1000 -> 1.008 | K22: =I22*J22 -> 876.96 | L22: =F22^2/162 -> 0.61728395 | M22: =K22*L22 -> 541.33333 | N22: =M22/1000 -> 0.54133333 | O22: Elevation + BBS length
A23: 18 | B23: Columns | C23: STR-010 | D23: COL-02B (6 nos) 1st to 2nd - main bars | E23: 2503 | F23: 25 | G23: 6 | H23: 18 | I23: =G23*H23 -> 108 | J23: =3900/1000 -> 3.9 | K23: =I23*J23 -> 421.2 | L23: =F23^2/162 -> 3.8580247 | M23: =K23*L23 -> 1625 | N23: =M23/1000 -> 1.625 | O23: Elevation + BBS length
A24: 19 | B24: Columns | C24: STR-011 | D24: COL-02C (1 nos) 1st to 2nd - links | E24: 1004 | F24: 10 | G24: 1 | H24: 29 | I24: =G24*H24 -> 29 | J24: =2910/1000 -> 2.91 | K24: =I24*J24 -> 84.39 | L24: =F24^2/162 -> 0.61728395 | M24: =K24*L24 -> 52.092593 | N24: =M24/1000 -> 0.052092593 | O24: Elevation + BBS length
A25: 20 | B25: Columns | C25: STR-011 | D25: COL-02C (1 nos) 1st to 2nd - links | E25: 1005 | F25: 10 | G25: 1 | H25: =3*29 -> 87 | I25: =G25*H25 -> 87 | J25: =1008/1000 -> 1.008 | K25: =I25*J25 -> 87.696 | L25: =F25^2/162 -> 0.61728395 | M25: =K25*L25 -> 54.133333 | N25: =M25/1000 -> 0.054133333 | O25: Elevation + BBS length
A26: 21 | B26: Columns | C26: STR-011 | D26: COL-02C (1 nos) 1st to 2nd - main bars | E26: 2503 | F26: 25 | G26: 1 | H26: 18 | I26: =G26*H26 -> 18 | J26: =3900/1000 -> 3.9 | K26: =I26*J26 -> 70.2 | L26: =F26^2/162 -> 3.8580247 | M26: =K26*L26 -> 270.83333 | N26: =M26/1000 -> 0.27083333 | O26: Elevation + BBS length
A27: 22 | B27: Columns | C27: STR-012 | D27: SWC-01A (1 nos) 1st to 2nd - links | E27: 1001 | F27: 10 | G27: 1 | H27: 32 | I27: =G27*H27 -> 32 | J27: =5930/1000 -> 5.93 | K27: =I27*J27 -> 189.76 | L27: =F27^2/162 -> 0.61728395 | M27: =K27*L27 -> 117.1358 | N27: =M27/1000 -> 0.1171358 | O27: Elevation + BBS length
A28: 23 | B28: Columns | C28: STR-012 | D28: SWC-01A (1 nos) 1st to 2nd - links | E28: 1002 | F28: 10 | G28: 1 | H28: 32 | I28: =G28*H28 -> 32 | J28: =2480/1000 -> 2.48 | K28: =I28*J28 -> 79.36 | L28: =F28^2/162 -> 0.61728395 | M28: =K28*L28 -> 48.987654 | N28: =M28/1000 -> 0.048987654 | O28: Elevation + BBS length
A29: 24 | B29: Columns | C29: STR-012 | D29: SWC-01A (1 nos) 1st to 2nd - links | E29: 1003 | F29: 10 | G29: 1 | H29: =7*32 -> 224 | I29: =G29*H29 -> 224 | J29: =910/1000 -> 0.91 | K29: =I29*J29 -> 203.84 | L29: =F29^2/162 -> 0.61728395 | M29: =K29*L29 -> 125.82716 | N29: =M29/1000 -> 0.12582716 | O29: Elevation + BBS length
A30: 25 | B30: Columns | C30: STR-012 | D30: SWC-01A (1 nos) 1st to 2nd - links | E30: 1004 | F30: 10 | G30: 1 | H30: =4*32 -> 128 | I30: =G30*H30 -> 128 | J30: =770/1000 -> 0.77 | K30: =I30*J30 -> 98.56 | L30: =F30^2/162 -> 0.61728395 | M30: =K30*L30 -> 60.839506 | N30: =M30/1000 -> 0.060839506 | O30: Elevation + BBS length
A31: 26 | B31: Columns | C31: STR-012 | D31: SWC-01A (1 nos) 1st to 2nd - main bars | E31: 2004 | F31: 20 | G31: 1 | H31: 48 | I31: =G31*H31 -> 48 | J31: =3900/1000 -> 3.9 | K31: =I31*J31 -> 187.2 | L31: =F31^2/162 -> 2.4691358 | M31: =K31*L31 -> 462.22222 | N31: =M31/1000 -> 0.46222222 | O31: Elevation + BBS length
A32: 27 | B32: Shear Walls | C32: STR-015/016 | D32: Main core CW-01 (L=3600mm) 1st to 2nd - horizontal Y12@150 NF/FF | E32: H-Y12 | F32: 12 | G32: 1 | H32: =2*16 -> 32 | I32: =G32*H32 -> 32 | J32: =(3600-2*30+40*12)/1000 -> 4.02 | K32: =I32*J32 -> 128.64 | L32: =F32^2/162 -> 0.88888889 | M32: =K32*L32 -> 114.34667 | N32: =M32/1000 -> 0.11434667 | O32: Elevation count / plan length
A33: 28 | B33: Shear Walls | C33: STR-015/016 | D33: Main core CW-01 1st to 2nd - vertical Y25@150 NF/FF | E33: V-Y25 | F33: 25 | G33: 1 | H33: =2*29 -> 58 | I33: =G33*H33 -> 58 | J33: =(2700+40*25)/1000 -> 3.7 | K33: =I33*J33 -> 214.6 | L33: =F33^2/162 -> 3.8580247 | M33: =K33*L33 -> 827.9321 | N33: =M33/1000 -> 0.8279321 | O33: Elevation / plan
A34: 29 | B34: Shear Walls | C34: STR-015/016 | D34: Main core CW-05 (L=7250mm) 1st to 2nd - horizontal Y12@150 NF/FF | E34: H-Y12 | F34: 12 | G34: 1 | H34: =2*16 -> 32 | I34: =G34*H34 -> 32 | J34: =(7250-2*30+40*12)/1000 -> 7.67 | K34: =I34*J34 -> 245.44 | L34: =F34^2/162 -> 0.88888889 | M34: =K34*L34 -> 218.16889 | N34: =M34/1000 -> 0.21816889 | O34: Elevation count / plan length
A35: 30 | B35: Shear Walls | C35: STR-015/016 | D35: Main core CW-05 1st to 2nd - vertical Y25@150 NF/FF | E35: V-Y25 | F35: 25 | G35: 1 | H35: =2*(ROUNDUP(7250/150,0)+1) -> 100 | I35: =G35*H35 -> 100 | J35: =(2700+40*25)/1000 -> 3.7 | K35: =I35*J35 -> 370 | L35: =F35^2/162 -> 3.8580247 | M35: =K35*L35 -> 1427.4691 | N35: =M35/1000 -> 1.4274691 | O35: Elevation / plan
A36: 31 | B36: Shear Walls | C36: STR-015/016 | D36: Main core CW-07 (stair section) (L=7250mm) 1st to 2nd - horizontal Y12@150 NF/FF | E36: H-Y12 | F36: 12 | G36: 1 | H36: =2*16 -> 32 | I36: =G36*H36 -> 32 | J36: =(7250-2*30+40*12)/1000 -> 7.67 | K36: =I36*J36 -> 245.44 | L36: =F36^2/162 -> 0.88888889 | M36: =K36*L36 -> 218.16889 | N36: =M36/1000 -> 0.21816889 | O36: Elevation count / plan length
A37: 32 | B37: Shear Walls | C37: STR-015/016 | D37: Main core CW-07 (stair section) 1st to 2nd - vertical Y25@150 NF/FF | E37: V-Y25 | F37: 25 | G37: 1 | H37: =2*(ROUNDUP(7250/150,0)+1) -> 100 | I37: =G37*H37 -> 100 | J37: =(2700+40*25)/1000 -> 3.7 | K37: =I37*J37 -> 370 | L37: =F37^2/162 -> 3.8580247 | M37: =K37*L37 -> 1427.4691 | N37: =M37/1000 -> 1.4274691 | O37: Elevation / plan
A38: 33 | B38: Shear Walls | C38: STR-015/016 | D38: Main core CW-09 (L=1150mm) 1st to 2nd - horizontal Y12@150 NF/FF | E38: H-Y12 | F38: 12 | G38: 1 | H38: =2*16 -> 32 | I38: =G38*H38 -> 32 | J38: =(1150-2*30+40*12)/1000 -> 1.57 | K38: =I38*J38 -> 50.24 | L38: =F38^2/162 -> 0.88888889 | M38: =K38*L38 -> 44.657778 | N38: =M38/1000 -> 0.044657778 | O38: Elevation count / plan length
A39: 34 | B39: Shear Walls | C39: STR-015/016 | D39: Main core CW-09 1st to 2nd - vertical Y25@150 NF/FF | E39: V-Y25 | F39: 25 | G39: 1 | H39: =2*(ROUNDUP(1150/150,0)+1) -> 18 | I39: =G39*H39 -> 18 | J39: =(2700+40*25)/1000 -> 3.7 | K39: =I39*J39 -> 66.6 | L39: =F39^2/162 -> 3.8580247 | M39: =K39*L39 -> 256.94444 | N39: =M39/1000 -> 0.25694444 | O39: Elevation / plan
A40: 35 | B40: Shear Walls | C40: STR-015/016 | D40: Main core CW-10 (L=1150mm) 1st to 2nd - horizontal Y12@150 NF/FF | E40: H-Y12 | F40: 12 | G40: 1 | H40: =2*16 -> 32 | I40: =G40*H40 -> 32 | J40: =(1150-2*30+40*12)/1000 -> 1.57 | K40: =I40*J40 -> 50.24 | L40: =F40^2/162 -> 0.88888889 | M40: =K40*L40 -> 44.657778 | N40: =M40/1000 -> 0.044657778 | O40: Elevation count / plan length
A41: 36 | B41: Shear Walls | C41: STR-015/016 | D41: Main core CW-10 1st to 2nd - vertical Y25@150 NF/FF | E41: V-Y25 | F41: 25 | G41: 1 | H41: =2*(ROUNDUP(1150/150,0)+1) -> 18 | I41: =G41*H41 -> 18 | J41: =(2700+40*25)/1000 -> 3.7 | K41: =I41*J41 -> 66.6 | L41: =F41^2/162 -> 3.8580247 | M41: =K41*L41 -> 256.94444 | N41: =M41/1000 -> 0.25694444 | O41: Elevation / plan
A42: 37 | B42: Shear Walls | C42: STR-015/016 | D42: Main core CW-11 (L=1650mm) 1st to 2nd - horizontal Y12@150 NF/FF | E42: H-Y12 | F42: 12 | G42: 1 | H42: =2*16 -> 32 | I42: =G42*H42 -> 32 | J42: =(1650-2*30+40*12)/1000 -> 2.07 | K42: =I42*J42 -> 66.24 | L42: =F42^2/162 -> 0.88888889 | M42: =K42*L42 -> 58.88 | N42: =M42/1000 -> 0.05888 | O42: Elevation count / plan length
A43: 38 | B43: Shear Walls | C43: STR-015/016 | D43: Main core CW-11 1st to 2nd - vertical Y25@150 NF/FF | E43: V-Y25 | F43: 25 | G43: 1 | H43: =2*(ROUNDUP(1650/150,0)+1) -> 24 | I43: =G43*H43 -> 24 | J43: =(2700+40*25)/1000 -> 3.7 | K43: =I43*J43 -> 88.8 | L43: =F43^2/162 -> 3.8580247 | M43: =K43*L43 -> 342.59259 | N43: =M43/1000 -> 0.34259259 | O43: Elevation / plan
A44: 39 | B44: Shear Walls | C44: STR-015/016 | D44: Main core confinement links Y10@150 (26 positions on plan) 1st to 2nd | E44: LNK-Y10 | F44: 10 | G44: 1 | H44: =26*ROUNDUP(2700/150,0) -> 468 | I44: =G44*H44 -> 468 | J44: =1800/1000 -> 1.8 | K44: =I44*J44 -> 842.4 | L44: =F44^2/162 -> 0.61728395 | M44: =K44*L44 -> 520 | N44: =M44/1000 -> 0.52 | O44: Assumed link cut length
A45: 40 | B45: Lift Walls | C45: STR-015/017 | D45: Main core (lift shafts) CW-02 (L=3600mm) 1st to 2nd - horizontal Y12@150 NF/FF | E45: H-Y12 | F45: 12 | G45: 1 | H45: =2*16 -> 32 | I45: =G45*H45 -> 32 | J45: =(3600-2*30+40*12)/1000 -> 4.02 | K45: =I45*J45 -> 128.64 | L45: =F45^2/162 -> 0.88888889 | M45: =K45*L45 -> 114.34667 | N45: =M45/1000 -> 0.11434667 | O45: Elevation count / plan length
A46: 41 | B46: Lift Walls | C46: STR-015/017 | D46: Main core (lift shafts) CW-02 1st to 2nd - vertical Y25@150 NF/FF | E46: V-Y25 | F46: 25 | G46: 1 | H46: =2*29 -> 58 | I46: =G46*H46 -> 58 | J46: =(2700+40*25)/1000 -> 3.7 | K46: =I46*J46 -> 214.6 | L46: =F46^2/162 -> 3.8580247 | M46: =K46*L46 -> 827.9321 | N46: =M46/1000 -> 0.8279321 | O46: Elevation / plan
A47: 42 | B47: Lift Walls | C47: STR-015/017 | D47: Main core (lift shafts) CW-03 (L=3600mm) 1st to 2nd - horizontal Y12@150 NF/FF | E47: H-Y12 | F47: 12 | G47: 1 | H47: =2*16 -> 32 | I47: =G47*H47 -> 32 | J47: =(3600-2*30+40*12)/1000 -> 4.02 | K47: =I47*J47 -> 128.64 | L47: =F47^2/162 -> 0.88888889 | M47: =K47*L47 -> 114.34667 | N47: =M47/1000 -> 0.11434667 | O47: Elevation count / plan length
A48: 43 | B48: Lift Walls | C48: STR-015/017 | D48: Main core (lift shafts) CW-03 1st to 2nd - vertical Y25@150 NF/FF | E48: V-Y25 | F48: 25 | G48: 1 | H48: =2*29 -> 58 | I48: =G48*H48 -> 58 | J48: =(2700+40*25)/1000 -> 3.7 | K48: =I48*J48 -> 214.6 | L48: =F48^2/162 -> 3.8580247 | M48: =K48*L48 -> 827.9321 | N48: =M48/1000 -> 0.8279321 | O48: Elevation / plan
A49: 44 | B49: Lift Walls | C49: STR-015/017 | D49: Main core (lift shafts) CW-04 (L=3600mm) 1st to 2nd - horizontal Y12@150 NF/FF | E49: H-Y12 | F49: 12 | G49: 1 | H49: =2*16 -> 32 | I49: =G49*H49 -> 32 | J49: =(3600-2*30+40*12)/1000 -> 4.02 | K49: =I49*J49 -> 128.64 | L49: =F49^2/162 -> 0.88888889 | M49: =K49*L49 -> 114.34667 | N49: =M49/1000 -> 0.11434667 | O49: Elevation count / plan length
A50: 45 | B50: Lift Walls | C50: STR-015/017 | D50: Main core (lift shafts) CW-04 1st to 2nd - vertical Y25@150 NF/FF | E50: V-Y25 | F50: 25 | G50: 1 | H50: =2*29 -> 58 | I50: =G50*H50 -> 58 | J50: =(2700+40*25)/1000 -> 3.7 | K50: =I50*J50 -> 214.6 | L50: =F50^2/162 -> 3.8580247 | M50: =K50*L50 -> 827.9321 | N50: =M50/1000 -> 0.8279321 | O50: Elevation / plan
A51: 46 | B51: Lift Walls | C51: STR-015/017 | D51: Main core (lift shafts) CW-06 (L=2025mm) 1st to 2nd - horizontal Y12@150 NF/FF | E51: H-Y12 | F51: 12 | G51: 1 | H51: =2*16 -> 32 | I51: =G51*H51 -> 32 | J51: =(2025-2*30+40*12)/1000 -> 2.445 | K51: =I51*J51 -> 78.24 | L51: =F51^2/162 -> 0.88888889 | M51: =K51*L51 -> 69.546667 | N51: =M51/1000 -> 0.069546667 | O51: Elevation count / plan length
A52: 47 | B52: Lift Walls | C52: STR-015/017 | D52: Main core (lift shafts) CW-06 1st to 2nd - vertical Y25@150 NF/FF | E52: V-Y25 | F52: 25 | G52: 1 | H52: =2*(ROUNDUP(2025/150,0)+1) -> 30 | I52: =G52*H52 -> 30 | J52: =(2700+40*25)/1000 -> 3.7 | K52: =I52*J52 -> 111 | L52: =F52^2/162 -> 3.8580247 | M52: =K52*L52 -> 428.24074 | N52: =M52/1000 -> 0.42824074 | O52: Elevation / plan
A53: 48 | B53: Lift Walls | C53: STR-015/017 | D53: Main core (lift shafts) CW-08 (L=4500mm) 1st to 2nd - horizontal Y12@150 NF/FF | E53: H-Y12 | F53: 12 | G53: 1 | H53: =2*16 -> 32 | I53: =G53*H53 -> 32 | J53: =(4500-2*30+40*12)/1000 -> 4.92 | K53: =I53*J53 -> 157.44 | L53: =F53^2/162 -> 0.88888889 | M53: =K53*L53 -> 139.94667 | N53: =M53/1000 -> 0.13994667 | O53: Elevation count / plan length
A54: 49 | B54: Lift Walls | C54: STR-015/017 | D54: Main core (lift shafts) CW-08 1st to 2nd - vertical Y25@150 NF/FF | E54: V-Y25 | F54: 25 | G54: 1 | H54: =2*(ROUNDUP(4500/150,0)+1) -> 62 | I54: =G54*H54 -> 62 | J54: =(2700+40*25)/1000 -> 3.7 | K54: =I54*J54 -> 229.4 | L54: =F54^2/162 -> 3.8580247 | M54: =K54*L54 -> 885.03086 | N54: =M54/1000 -> 0.88503086 | O54: Elevation / plan
A55: 50 | B55: Lift Walls | C55: STR-015/017 | D55: Main core (lift shafts) CW-07 (lift section) (L=4500mm) 1st to 2nd - horizontal Y12@150 NF/FF | E55: H-Y12 | F55: 12 | G55: 1 | H55: =2*16 -> 32 | I55: =G55*H55 -> 32 | J55: =(4500-2*30+40*12)/1000 -> 4.92 | K55: =I55*J55 -> 157.44 | L55: =F55^2/162 -> 0.88888889 | M55: =K55*L55 -> 139.94667 | N55: =M55/1000 -> 0.13994667 | O55: Elevation count / plan length
A56: 51 | B56: Lift Walls | C56: STR-015/017 | D56: Main core (lift shafts) CW-07 (lift section) 1st to 2nd - vertical Y25@150 NF/FF | E56: V-Y25 | F56: 25 | G56: 1 | H56: =2*(ROUNDUP(4500/150,0)+1) -> 62 | I56: =G56*H56 -> 62 | J56: =(2700+40*25)/1000 -> 3.7 | K56: =I56*J56 -> 229.4 | L56: =F56^2/162 -> 3.8580247 | M56: =K56*L56 -> 885.03086 | N56: =M56/1000 -> 0.88503086 | O56: Elevation / plan
A57: 52 | B57: Lift Walls | C57: STR-015/017 | D57: Main core (lift shafts) confinement links Y10@150 (26 positions on plan) 1st to 2nd | E57: LNK-Y10 | F57: 10 | G57: 1 | H57: =26*ROUNDUP(2700/150,0) -> 468 | I57: =G57*H57 -> 468 | J57: =1800/1000 -> 1.8 | K57: =I57*J57 -> 842.4 | L57: =F57^2/162 -> 0.61728395 | M57: =K57*L57 -> 520 | N57: =M57/1000 -> 0.52 | O57: Assumed link cut length
A58: 53 | B58: Beams | C58: STR-048 | D58: First floor beams | E58: 1001 | F58: 10 | G58: 1 | H58: 693 | I58: =G58*H58 -> 693 | J58: =1700/1000 -> 1.7 | K58: =I58*J58 -> 1178.1 | L58: =F58^2/162 -> 0.61728395 | M58: =K58*L58 -> 727.22222 | N58: =M58/1000 -> 0.72722222 | O58: BBS
A59: 54 | B59: Beams | C59: STR-048 | D59: First floor beams | E59: 1002 | F59: 10 | G59: 1 | H59: 270 | I59: =G59*H59 -> 270 | J59: =1500/1000 -> 1.5 | K59: =I59*J59 -> 405 | L59: =F59^2/162 -> 0.61728395 | M59: =K59*L59 -> 250 | N59: =M59/1000 -> 0.25 | O59: BBS
A60: 55 | B60: Beams | C60: STR-048 | D60: First floor beams | E60: 1601 | F60: 16 | G60: 1 | H60: 3 | I60: =G60*H60 -> 3 | J60: =9750/1000 -> 9.75 | K60: =I60*J60 -> 29.25 | L60: =F60^2/162 -> 1.5802469 | M60: =K60*L60 -> 46.222222 | N60: =M60/1000 -> 0.046222222 | O60: BBS
A61: 56 | B61: Beams | C61: STR-048 | D61: First floor beams | E61: 1602 | F61: 16 | G61: 1 | H61: 3 | I61: =G61*H61 -> 3 | J61: =5850/1000 -> 5.85 | K61: =I61*J61 -> 17.55 | L61: =F61^2/162 -> 1.5802469 | M61: =K61*L61 -> 27.733333 | N61: =M61/1000 -> 0.027733333 | O61: BBS
A62: 57 | B62: Beams | C62: STR-048 | D62: First floor beams | E62: 1603 | F62: 16 | G62: 1 | H62: 6 | I62: =G62*H62 -> 6 | J62: =9300/1000 -> 9.3 | K62: =I62*J62 -> 55.8 | L62: =F62^2/162 -> 1.5802469 | M62: =K62*L62 -> 88.177778 | N62: =M62/1000 -> 0.088177778 | O62: BBS
A63: 58 | B63: Beams | C63: STR-048 | D63: First floor beams | E63: 1604 | F63: 16 | G63: 1 | H63: 3 | I63: =G63*H63 -> 3 | J63: =9000/1000 -> 9 | K63: =I63*J63 -> 27 | L63: =F63^2/162 -> 1.5802469 | M63: =K63*L63 -> 42.666667 | N63: =M63/1000 -> 0.042666667 | O63: BBS
A64: 59 | B64: Beams | C64: STR-048 | D64: First floor beams | E64: 1605 | F64: 16 | G64: 1 | H64: 2 | I64: =G64*H64 -> 2 | J64: =11000/1000 -> 11 | K64: =I64*J64 -> 22 | L64: =F64^2/162 -> 1.5802469 | M64: =K64*L64 -> 34.765432 | N64: =M64/1000 -> 0.034765432 | O64: BBS
A65: 60 | B65: Beams | C65: STR-048 | D65: First floor beams | E65: 1606 | F65: 16 | G65: 1 | H65: 2 | I65: =G65*H65 -> 2 | J65: =8800/1000 -> 8.8 | K65: =I65*J65 -> 17.6 | L65: =F65^2/162 -> 1.5802469 | M65: =K65*L65 -> 27.812346 | N65: =M65/1000 -> 0.027812346 | O65: BBS
A66: 61 | B66: Beams | C66: STR-048 | D66: First floor beams | E66: 1607 | F66: 16 | G66: 1 | H66: 8 | I66: =G66*H66 -> 8 | J66: =12000/1000 -> 12 | K66: =I66*J66 -> 96 | L66: =F66^2/162 -> 1.5802469 | M66: =K66*L66 -> 151.7037 | N66: =M66/1000 -> 0.1517037 | O66: BBS
A67: 62 | B67: Beams | C67: STR-048 | D67: First floor beams | E67: 1608 | F67: 16 | G67: 1 | H67: 4 | I67: =G67*H67 -> 4 | J67: =7400/1000 -> 7.4 | K67: =I67*J67 -> 29.6 | L67: =F67^2/162 -> 1.5802469 | M67: =K67*L67 -> 46.775309 | N67: =M67/1000 -> 0.046775309 | O67: BBS
A68: 63 | B68: Beams | C68: STR-048 | D68: First floor beams | E68: 1609 | F68: 16 | G68: 1 | H68: 3 | I68: =G68*H68 -> 3 | J68: =9200/1000 -> 9.2 | K68: =I68*J68 -> 27.6 | L68: =F68^2/162 -> 1.5802469 | M68: =K68*L68 -> 43.614815 | N68: =M68/1000 -> 0.043614815 | O68: BBS
A69: 64 | B69: Beams | C69: STR-048 | D69: First floor beams | E69: 1610 | F69: 16 | G69: 1 | H69: 4 | I69: =G69*H69 -> 4 | J69: =6775/1000 -> 6.775 | K69: =I69*J69 -> 27.1 | L69: =F69^2/162 -> 1.5802469 | M69: =K69*L69 -> 42.824691 | N69: =M69/1000 -> 0.042824691 | O69: BBS
A70: 65 | B70: Beams | C70: STR-048 | D70: First floor beams | E70: 1611 | F70: 16 | G70: 1 | H70: 3 | I70: =G70*H70 -> 3 | J70: =4600/1000 -> 4.6 | K70: =I70*J70 -> 13.8 | L70: =F70^2/162 -> 1.5802469 | M70: =K70*L70 -> 21.807407 | N70: =M70/1000 -> 0.021807407 | O70: BBS
A71: 66 | B71: Beams | C71: STR-048 | D71: First floor beams | E71: 1612 | F71: 16 | G71: 1 | H71: 2 | I71: =G71*H71 -> 2 | J71: =4000/1000 -> 4 | K71: =I71*J71 -> 8 | L71: =F71^2/162 -> 1.5802469 | M71: =K71*L71 -> 12.641975 | N71: =M71/1000 -> 0.012641975 | O71: BBS
A72: 67 | B72: Beams | C72: STR-048 | D72: First floor beams | E72: 1613 | F72: 16 | G72: 1 | H72: 2 | I72: =G72*H72 -> 2 | J72: =11500/1000 -> 11.5 | K72: =I72*J72 -> 23 | L72: =F72^2/162 -> 1.5802469 | M72: =K72*L72 -> 36.345679 | N72: =M72/1000 -> 0.036345679 | O72: BBS
A73: 68 | B73: Beams | C73: STR-048 | D73: First floor beams | E73: 1614 | F73: 16 | G73: 1 | H73: 2 | I73: =G73*H73 -> 2 | J73: =11850/1000 -> 11.85 | K73: =I73*J73 -> 23.7 | L73: =F73^2/162 -> 1.5802469 | M73: =K73*L73 -> 37.451852 | N73: =M73/1000 -> 0.037451852 | O73: BBS
A74: 69 | B74: Beams | C74: STR-048 | D74: First floor beams | E74: 1615 | F74: 16 | G74: 1 | H74: 12 | I74: =G74*H74 -> 12 | J74: =3350/1000 -> 3.35 | K74: =I74*J74 -> 40.2 | L74: =F74^2/162 -> 1.5802469 | M74: =K74*L74 -> 63.525926 | N74: =M74/1000 -> 0.063525926 | O74: BBS
A75: 70 | B75: Beams | C75: STR-048 | D75: First floor beams | E75: 1616 | F75: 16 | G75: 1 | H75: 10 | I75: =G75*H75 -> 10 | J75: =2450/1000 -> 2.45 | K75: =I75*J75 -> 24.5 | L75: =F75^2/162 -> 1.5802469 | M75: =K75*L75 -> 38.716049 | N75: =M75/1000 -> 0.038716049 | O75: BBS
A76: 71 | B76: Beams | C76: STR-048 | D76: First floor beams | E76: 2001 | F76: 20 | G76: 1 | H76: 2 | I76: =G76*H76 -> 2 | J76: =11750/1000 -> 11.75 | K76: =I76*J76 -> 23.5 | L76: =F76^2/162 -> 2.4691358 | M76: =K76*L76 -> 58.024691 | N76: =M76/1000 -> 0.058024691 | O76: BBS
A77: 72 | B77: Beams | C77: STR-048 | D77: First floor beams | E77: 2002 | F77: 20 | G77: 1 | H77: 2 | I77: =G77*H77 -> 2 | J77: =7300/1000 -> 7.3 | K77: =I77*J77 -> 14.6 | L77: =F77^2/162 -> 2.4691358 | M77: =K77*L77 -> 36.049383 | N77: =M77/1000 -> 0.036049383 | O77: BBS
A78: 73 | B78: Beams | C78: STR-048 | D78: First floor beams | E78: 2003 | F78: 20 | G78: 1 | H78: 2 | I78: =G78*H78 -> 2 | J78: =9400/1000 -> 9.4 | K78: =I78*J78 -> 18.8 | L78: =F78^2/162 -> 2.4691358 | M78: =K78*L78 -> 46.419753 | N78: =M78/1000 -> 0.046419753 | O78: BBS
A79: 74 | B79: Beams | C79: STR-048 | D79: First floor beams | E79: 2004 | F79: 20 | G79: 1 | H79: 2 | I79: =G79*H79 -> 2 | J79: =11900/1000 -> 11.9 | K79: =I79*J79 -> 23.8 | L79: =F79^2/162 -> 2.4691358 | M79: =K79*L79 -> 58.765432 | N79: =M79/1000 -> 0.058765432 | O79: BBS
A80: 75 | B80: Beams | C80: STR-048 | D80: First floor beams | E80: 2005 | F80: 20 | G80: 1 | H80: 2 | I80: =G80*H80 -> 2 | J80: =9550/1000 -> 9.55 | K80: =I80*J80 -> 19.1 | L80: =F80^2/162 -> 2.4691358 | M80: =K80*L80 -> 47.160494 | N80: =M80/1000 -> 0.047160494 | O80: BBS
A81: 76 | B81: Beams | C81: STR-048 | D81: First floor beams | E81: 2006 | F81: 20 | G81: 1 | H81: 2 | I81: =G81*H81 -> 2 | J81: =5900/1000 -> 5.9 | K81: =I81*J81 -> 11.8 | L81: =F81^2/162 -> 2.4691358 | M81: =K81*L81 -> 29.135802 | N81: =M81/1000 -> 0.029135802 | O81: BBS
A82: 77 | B82: Beams | C82: STR-048 | D82: First floor beams | E82: 2007 | F82: 20 | G82: 1 | H82: 4 | I82: =G82*H82 -> 4 | J82: =9300/1000 -> 9.3 | K82: =I82*J82 -> 37.2 | L82: =F82^2/162 -> 2.4691358 | M82: =K82*L82 -> 91.851852 | N82: =M82/1000 -> 0.091851852 | O82: BBS
A83: 78 | B83: Beams | C83: STR-048 | D83: First floor beams | E83: 2008 | F83: 20 | G83: 1 | H83: 2 | I83: =G83*H83 -> 2 | J83: =9100/1000 -> 9.1 | K83: =I83*J83 -> 18.2 | L83: =F83^2/162 -> 2.4691358 | M83: =K83*L83 -> 44.938272 | N83: =M83/1000 -> 0.044938272 | O83: BBS
A84: 79 | B84: Beams | C84: STR-048 | D84: First floor beams | E84: 2009 | F84: 20 | G84: 1 | H84: 3 | I84: =G84*H84 -> 3 | J84: =8200/1000 -> 8.2 | K84: =I84*J84 -> 24.6 | L84: =F84^2/162 -> 2.4691358 | M84: =K84*L84 -> 60.740741 | N84: =M84/1000 -> 0.060740741 | O84: BBS
A85: 80 | B85: Beams | C85: STR-048 | D85: First floor beams | E85: 2010 | F85: 20 | G85: 1 | H85: 3 | I85: =G85*H85 -> 3 | J85: =6550/1000 -> 6.55 | K85: =I85*J85 -> 19.65 | L85: =F85^2/162 -> 2.4691358 | M85: =K85*L85 -> 48.518519 | N85: =M85/1000 -> 0.048518519 | O85: BBS
A86: 81 | B86: Beams | C86: STR-048 | D86: First floor beams | E86: 2011 | F86: 20 | G86: 1 | H86: 3 | I86: =G86*H86 -> 3 | J86: =8200/1000 -> 8.2 | K86: =I86*J86 -> 24.6 | L86: =F86^2/162 -> 2.4691358 | M86: =K86*L86 -> 60.740741 | N86: =M86/1000 -> 0.060740741 | O86: BBS
A87: 82 | B87: Beams | C87: STR-048 | D87: First floor beams | E87: 2012 | F87: 20 | G87: 1 | H87: 3 | I87: =G87*H87 -> 3 | J87: =9250/1000 -> 9.25 | K87: =I87*J87 -> 27.75 | L87: =F87^2/162 -> 2.4691358 | M87: =K87*L87 -> 68.518519 | N87: =M87/1000 -> 0.068518519 | O87: BBS
A88: 83 | B88: Beams | C88: STR-048 | D88: First floor beams | E88: 2013 | F88: 20 | G88: 1 | H88: 3 | I88: =G88*H88 -> 3 | J88: =5700/1000 -> 5.7 | K88: =I88*J88 -> 17.1 | L88: =F88^2/162 -> 2.4691358 | M88: =K88*L88 -> 42.222222 | N88: =M88/1000 -> 0.042222222 | O88: BBS
A89: 84 | B89: Beams | C89: STR-048 | D89: First floor beams | E89: 2014 | F89: 20 | G89: 1 | H89: 3 | I89: =G89*H89 -> 3 | J89: =9400/1000 -> 9.4 | K89: =I89*J89 -> 28.2 | L89: =F89^2/162 -> 2.4691358 | M89: =K89*L89 -> 69.62963 | N89: =M89/1000 -> 0.06962963 | O89: BBS
A90: 85 | B90: Beams | C90: STR-048 | D90: First floor beams | E90: 2015 | F90: 20 | G90: 1 | H90: 3 | I90: =G90*H90 -> 3 | J90: =4600/1000 -> 4.6 | K90: =I90*J90 -> 13.8 | L90: =F90^2/162 -> 2.4691358 | M90: =K90*L90 -> 34.074074 | N90: =M90/1000 -> 0.034074074 | O90: BBS
A91: 86 | B91: Beams | C91: STR-048 | D91: First floor beams | E91: 2501 | F91: 25 | G91: 1 | H91: 3 | I91: =G91*H91 -> 3 | J91: =10750/1000 -> 10.75 | K91: =I91*J91 -> 32.25 | L91: =F91^2/162 -> 3.8580247 | M91: =K91*L91 -> 124.4213 | N91: =M91/1000 -> 0.1244213 | O91: BBS
A92: 87 | B92: Beams | C92: STR-048 | D92: First floor beams | E92: 2502 | F92: 25 | G92: 1 | H92: 5 | I92: =G92*H92 -> 5 | J92: =7400/1000 -> 7.4 | K92: =I92*J92 -> 37 | L92: =F92^2/162 -> 3.8580247 | M92: =K92*L92 -> 142.74691 | N92: =M92/1000 -> 0.14274691 | O92: BBS
A93: 88 | B93: Beams | C93: STR-048 | D93: First floor beams | E93: 2503 | F93: 25 | G93: 1 | H93: 8 | I93: =G93*H93 -> 8 | J93: =9400/1000 -> 9.4 | K93: =I93*J93 -> 75.2 | L93: =F93^2/162 -> 3.8580247 | M93: =K93*L93 -> 290.12346 | N93: =M93/1000 -> 0.29012346 | O93: BBS
A94: 89 | B94: Beams | C94: STR-048 | D94: First floor beams | E94: 2504 | F94: 25 | G94: 1 | H94: 3 | I94: =G94*H94 -> 3 | J94: =12000/1000 -> 12 | K94: =I94*J94 -> 36 | L94: =F94^2/162 -> 3.8580247 | M94: =K94*L94 -> 138.88889 | N94: =M94/1000 -> 0.13888889 | O94: BBS
A95: 90 | B95: Beams | C95: STR-048 | D95: First floor beams | E95: 2505 | F95: 25 | G95: 1 | H95: 2 | I95: =G95*H95 -> 2 | J95: =11600/1000 -> 11.6 | K95: =I95*J95 -> 23.2 | L95: =F95^2/162 -> 3.8580247 | M95: =K95*L95 -> 89.506173 | N95: =M95/1000 -> 0.089506173 | O95: BBS
A96: 91 | B96: Beams | C96: STR-048 | D96: First floor beams | E96: 2506 | F96: 25 | G96: 1 | H96: 2 | I96: =G96*H96 -> 2 | J96: =11900/1000 -> 11.9 | K96: =I96*J96 -> 23.8 | L96: =F96^2/162 -> 3.8580247 | M96: =K96*L96 -> 91.820988 | N96: =M96/1000 -> 0.091820988 | O96: BBS
A97: 92 | B97: Beams | C97: STR-048 | D97: First floor beams | E97: 2507 | F97: 25 | G97: 1 | H97: 3 | I97: =G97*H97 -> 3 | J97: =9850/1000 -> 9.85 | K97: =I97*J97 -> 29.55 | L97: =F97^2/162 -> 3.8580247 | M97: =K97*L97 -> 114.00463 | N97: =M97/1000 -> 0.11400463 | O97: BBS
